代码,名称,上市板块,量比,换手率(%),总市值,涨停次数(近20日),ST股票,退市股,戴帽预期(新规),首次入选日期,首次入选时间,入选价(元),入选时涨跌幅(%),入选次数,入选扫描时间点,次日_跟踪状态,次日_跟踪日期,次日_开盘涨跌幅,次日_午间涨跌幅,次日_收盘涨跌幅,次日_当前涨跌幅,次日_最高涨跌幅,次日_最低涨跌幅,次日_形态,策略收益_次日收盘(%),策略收益_次日最高(%),策略收益_次日最低(%)
002438,江苏神通,深交所主板,2.41,7.50,77.15亿,1,否,否,-,2026-08-04,18:53,14.5,3.79,6,2026-08-04 18:53;2026-08-04 19:08;2026-08-04 19:18;2026-08-04 19:23;2026-08-04 19:33;2026-08-04 19:39,已跟踪,2026-08-05,-2.0,-0.21,5.45,5.45,5.86,-4.14,低开高走,5.45,5.86,-4.14
002167,东方锆业,深交所主板,3.24,9.34,132.24亿,1,否,否,-,2026-08-05,10:18,16.12,4.68,2,2026-08-05 10:18;2026-08-05 10:20,已跟踪,2026-08-06,0.78,0.48,2.96,2.96,4.41,-1.51,高开高走,5.83,7.32,1.24
600666,奥瑞德,上交所主板,4.84,9.98,107.85亿,1,否,否,-,2026-08-05,10:18,3.93,3.97,13,2026-08-05 10:18;2026-08-05 10:20;2026-08-05 10:46;2026-08-05 10:48;2026-08-05 10:51;2026-08-05 10:58;2026-08-05 10:59;2026-08-05 11:00;2026-08-05 11:03;2026-08-05 11:06;2026-08-05 11:09;2026-08-05 11:12;2026-08-05 11:15,已跟踪,2026-08-06,-2.8,-0.76,-0.51,-0.51,2.04,-2.8,低开高走,-0.51,2.04,-2.8
603373,安邦护卫,上交所主板,2.40,7.99,56.83亿,1,否,否,-,2026-08-05,11:15,37.66,3.09,41,2026-08-05 11:15;2026-08-05 11:18;2026-08-05 11:21;2026-08-05 11:24;2026-08-05 11:27;2026-08-05 13:00;2026-08-05 13:03;2026-08-05 13:06;2026-08-05 13:09;2026-08-05 13:12;2026-08-05 13:18;2026-08-05 13:24;2026-08-05 13:27;2026-08-05 13:30;2026-08-05 13:33;2026-08-05 13:36;2026-08-05 13:45;2026-08-05 13:48;2026-08-05 13:51;2026-08-05 13:54;2026-08-05 13:57;2026-08-05 14:00;2026-08-05 14:03;2026-08-05 14:04;2026-08-05 14:06;2026-08-05 14:12;2026-08-05 14:14;2026-08-05 14:15;2026-08-05 14:21;2026-08-05 14:24;2026-08-05 14:27;2026-08-05 14:30;2026-08-05 14:33;2026-08-05 14:36;2026-08-05 14:39;2026-08-05 14:42;2026-08-05 14:45;2026-08-05 14:48;2026-08-05 14:51;2026-08-05 14:54;2026-08-05 14:57,已跟踪,2026-08-06,0.37,-1.14,0.21,0.21,2.12,-2.52,震荡收涨,0.48,2.39,-2.26
605179,一鸣食品,上交所主板,2.47,7.26,90.91亿,5,否,否,-,2026-08-05,13:09,22.72,4.75,12,2026-08-05 13:09;2026-08-05 13:12;2026-08-05 13:18;2026-08-05 13:45;2026-08-05 13:48;2026-08-05 13:51;2026-08-05 13:54;2026-08-05 13:57;2026-08-05 14:00;2026-08-05 14:03;2026-08-05 14:04;2026-08-05 14:06,已跟踪,2026-08-06,-3.38,-3.86,-7.2,-7.2,1.5,-9.13,低开低走,-4.67,4.27,-6.65
603890,春秋电子,上交所主板,1.53,6.26,81.46亿,1,否,否,-,2026-08-05,14:08,18.24,4.89,15,2026-08-05 14:08;2026-08-05 14:12;2026-08-05 14:14;2026-08-05 14:15;2026-08-05 14:21;2026-08-05 14:24;2026-08-05 14:27;2026-08-05 14:30;2026-08-05 14:33;2026-08-05 14:36;2026-08-05 14:39;2026-08-05 14:42;2026-08-05 14:45;2026-08-05 14:48;2026-08-05 14:51,已跟踪,2026-08-06,-1.97,0.87,2.46,2.46,3.71,-2.95,低开高走,2.85,4.11,-2.58
603757,大元泵业,上交所主板,1.52,6.41,109.02亿,2,否,否,-,2026-08-05,14:14,58.47,4.94,2,2026-08-05 14:14;2026-08-05 14:15,已跟踪,2026-08-06,-1.54,0.46,1.2,1.2,3.51,-2.16,低开高走,1.08,3.39,-2.27
002438,江苏神通,深交所主板,2.41,7.50,77.15亿,1,否,否,-,2026-08-05,14:24,14.5,3.79,10,2026-08-05 14:24;2026-08-05 14:27;2026-08-05 14:30;2026-08-05 14:33;2026-08-05 14:36;2026-08-05 14:39;2026-08-05 14:42;2026-08-05 14:45;2026-08-05 14:48;2026-08-05 14:51,已补抓,2026-08-06,-4.32,-4.25,-5.56,-5.56,-2.42,-5.56,低开低走,-0.41,2.9,-0.41
002119,康强电子,深交所主板,2.17,8.39,89.43亿,1,否,否,-,2026-08-06,10:02,23.15,3.81,7,2026-08-06 10:02;2026-08-06 10:09;2026-08-06 10:12;2026-08-06 10:15;2026-08-06 10:18;2026-08-06 10:21;2026-08-06 10:24,已跟踪,2026-08-07,0.04,2.25,4.02,4.02,5.11,-1.56,震荡收涨,3.84,4.92,-1.73
002971,和远气体,深交所主板,6.18,8.86,83.01亿,1,否,否,-,2026-08-06,10:02,39.1,4.27,3,2026-08-06 10:02;2026-08-06 10:06;2026-08-06 10:09,已跟踪,2026-08-07,6.64,10.01,10.01,10.01,10.01,5.26,高开高走,16.06,16.06,11.05
002167,东方锆业,深交所主板,3.24,9.34,132.24亿,1,否,否,-,2026-08-06,10:24,16.12,4.68,2,2026-08-06 10:24;2026-08-06 10:27,已跟踪,2026-08-07,-0.35,-0.06,0.94,0.94,1.58,-3.69,震荡收涨,6.82,7.44,2.23
002655,共达电声,深交所主板,2.54,5.28,101.86亿,2,否,否,-,2026-08-06,10:30,27.91,3.1,1,2026-08-06 10:30,已跟踪,2026-08-07,0.97,3.45,5.53,5.53,5.96,-1.01,高开高走,5.27,5.7,-1.25
001337,四川黄金,深交所主板,1.87,7.88,189.08亿,2,否,否,-,2026-08-06,10:33,44.89,3.74,38,2026-08-06 10:33;2026-08-06 10:36;2026-08-06 10:42;2026-08-06 10:45;2026-08-06 10:48;2026-08-06 10:51;2026-08-06 10:54;2026-08-06 10:57;2026-08-06 11:03;2026-08-06 11:06;2026-08-06 11:09;2026-08-06 11:12;2026-08-06 11:15;2026-08-06 11:18;2026-08-06 11:21;2026-08-06 11:27;2026-08-06 13:00;2026-08-06 13:03;2026-08-06 13:06;2026-08-06 13:54;2026-08-06 13:57;2026-08-06 14:00;2026-08-06 14:03;2026-08-06 14:06;2026-08-06 14:09;2026-08-06 14:12;2026-08-06 14:15;2026-08-06 14:18;2026-08-06 14:21;2026-08-06 14:24;2026-08-06 14:36;2026-08-06 14:39;2026-08-06 14:42;2026-08-06 14:46;2026-08-06 14:48;2026-08-06 14:51;2026-08-06 14:54;2026-08-06 14:57,已跟踪,2026-08-07,-0.02,0.98,6.13,6.13,6.13,-2.33,震荡收涨,6.42,6.42,-2.07
600829,人民同泰,上交所主板,3.24,8.91,61.99亿,4,否,否,-,2026-08-07,10:00,10.83,4.64,16,2026-08-07 10:00;2026-08-07 10:00;2026-08-07 10:03;2026-08-07 10:06;2026-08-07 10:09;2026-08-07 10:12;2026-08-07 10:15;2026-08-07 10:15;2026-08-07 10:17;2026-08-07 10:18;2026-08-07 13:17;2026-08-07 13:20;2026-08-07 13:22;2026-08-07 13:25;2026-08-07 13:35;2026-08-07 13:37,已跟踪,2026-08-10,-0.48,3.2,2.13,2.13,5.43,-0.48,冲高回落,-2.68,0.46,-5.17
605179,一鸣食品,上交所主板,1.51,8.62,90.63亿,5,否,否,-,2026-08-07,10:00,22.52,3.97,31,2026-08-07 10:00;2026-08-07 10:03;2026-08-07 10:06;2026-08-07 10:09;2026-08-07 10:12;2026-08-07 10:15;2026-08-07 10:17;2026-08-07 10:18;2026-08-07 10:24;2026-08-07 10:27;2026-08-07 10:30;2026-08-07 10:32;2026-08-07 10:33;2026-08-07 10:36;2026-08-07 10:39;2026-08-07 10:42;2026-08-07 10:45;2026-08-07 10:47;2026-08-07 10:48;2026-08-07 10:51;2026-08-07 10:54;2026-08-07 11:00;2026-08-07 13:20;2026-08-07 13:22;2026-08-07 13:25;2026-08-07 13:27;2026-08-07 13:30;2026-08-07 13:32,已跟踪,2026-08-10,-0.18,9.98,9.98,9.98,9.98,-2.76,震荡收涨,11.55,11.55,-1.38
603078,江化微,上交所主板,2.83,9.98,137.75亿,2,否,否,-,2026-08-07,10:15,35.24,3.07,34,2026-08-07 10:15;2026-08-07 10:15;2026-08-07 10:17;2026-08-07 10:18;2026-08-07 10:21;2026-08-07 10:24;2026-08-07 10:27;2026-08-07 10:30;2026-08-07 10:30;2026-08-07 10:32;2026-08-07 10:33;2026-08-07 10:36;2026-08-07 10:39;2026-08-07 10:42;2026-08-07 10:45;2026-08-07 10:45;2026-08-07 10:47;2026-08-07 10:48;2026-08-07 10:51;2026-08-07 10:54;2026-08-07 10:57;2026-08-07 11:00;2026-08-07 11:00;2026-08-07 11:03;2026-08-07 11:05;2026-08-07 11:07;2026-08-07 11:27;2026-08-07 13:02;2026-08-07 13:05;2026-08-07 13:07;2026-08-07 13:10;2026-08-07 13:12;2026-08-07 13:15;2026-08-07 13:17,已跟踪,2026-08-10,-0.33,-2.01,-0.3,-0.3,1.62,-3.66,震荡收跌,2.89,4.88,-0.57
002119,康强电子,深交所主板,2.17,8.39,89.43亿,1,否,否,-,2026-08-07,10:39,23.88,3.33,6,2026-08-07 10:39;2026-08-07 10:42;2026-08-07 10:45;2026-08-07 10:47;2026-08-07 10:51,已跟踪,2026-08-10,1.46,-2.5,-0.58,-0.58,1.62,-3.2,高开低走,0.08,2.3,-2.55
002655,共达电声,深交所主板,1.51,5.12,104.93亿,2,否,否,-,2026-08-07,10:57,28.85,3.63,2,2026-08-07 10:57;2026-08-07 11:00,已跟踪,2026-08-10,0.71,-0.88,6.43,6.43,6.57,-3.47,高开高走,8.39,8.53,-1.7
603990,麦迪科技,上交所主板,1.55,5.20,66.06亿,1,否,否,-,2026-08-07,11:00,21.57,4.2,2,2026-08-07 11:00;2026-08-07 11:00,已跟踪,2026-08-10,2.33,3.27,5.51,5.51,6.14,1.75,高开高走,9.13,9.78,5.24
603045,福达合金,上交所主板,1.57,5.03,75.73亿,1,否,否,-,2026-08-07,13:12,55.91,3.15,1,2026-08-07 13:12,已跟踪,2026-08-10,0.34,-3.71,-1.99,-1.99,1.23,-4.64,震荡收跌,-1.29,1.95,-3.95
000533,顺钠股份,深交所主板,6.57,9.93,87.60亿,6,否,否,-,2026-08-10,09:45,12.66,4.37,2,2026-08-10 09:45;2026-08-10 09:47,已跟踪,2026-08-11,-5.06,3.0,1.74,1.74,6.72,-5.06,冲高回落,1.66,6.64,-5.13
603990,麦迪科技,上交所主板,2.22,6.81,70.33亿,1,否,否,-,2026-08-10,10:05,23.0,3.09,5,2026-08-10 10:05;2026-08-10 10:25;2026-08-10 10:27;2026-08-10 10:40;2026-08-10 10:42,已跟踪,2026-08-11,1.49,2.68,2.8,2.8,5.69,0.0,高开高走,5.22,8.17,2.35
600829,人民同泰,上交所主板,2.13,6.27,61.76亿,4,否,否,-,2026-08-10,10:27,10.8,4.65,4,2026-08-10 10:27;2026-08-10 10:40;2026-08-10 10:42;2026-08-10 13:07,已跟踪,2026-08-11,-3.23,2.56,1.9,1.9,3.89,-3.42,冲高回落,-0.56,1.39,-5.74
002674,兴业科技,深交所主板,1.78,6.55,87.22亿,3,否,否,-,2026-08-10,10:40,29.39,3.74,2,2026-08-10 10:40;2026-08-10 10:42,已跟踪,2026-08-11,-4.98,-4.51,-5.28,-5.28,-3.46,-7.11,低开低走,-4.87,-3.03,-6.7
603988,中电电机,上交所主板,1.60,6.96,54.57亿,5,否,否,-,2026-08-10,13:05,23.22,3.57,1,2026-08-10 13:05,已跟踪,2026-08-11,-0.04,2.55,-0.64,-0.64,5.49,-1.28,冲高回落,0.6,6.8,-0.04
603619,中曼石油,上交所主板,7.06,5.35,109.44亿,3,否,否,-,2026-08-11,09:51,23.64,2.87,1,2026-08-11 09:51,已跟踪,2026-08-12,-0.94,-2.53,-3.0,-3.0,-0.6,-3.86,低开低走,-4.23,-1.86,-5.08
002703,浙江世宝,深交所主板,2.18,8.27,126.03亿,2,否,否,-,2026-08-11,09:55,15.35,3.23,22,2026-08-11 09:55;2026-08-11 09:57;2026-08-11 10:00;2026-08-11 10:00;2026-08-11 10:02;2026-08-11 10:05;2026-08-11 10:07;2026-08-11 10:10;2026-08-11 10:12;2026-08-11 10:15;2026-08-11 10:17;2026-08-11 10:20;2026-08-11 10:22;2026-08-11 10:25;2026-08-11 10:27;2026-08-11 10:30;2026-08-11 10:32;2026-08-11 10:35;2026-08-11 10:37;2026-08-11 10:45;2026-08-11 10:47;2026-08-11 10:50,已跟踪,2026-08-12,-2.95,-2.89,-2.5,-2.5,-0.51,-5.07,低开高走,-0.98,1.04,-3.58
002971,和远气体,深交所主板,2.53,9.96,96.30亿,3,否,否,-,2026-08-11,10:47,45.71,3.0,1,2026-08-11 10:47,已跟踪,2026-08-12,-0.51,0.98,0.51,0.51,2.36,-2.2,低开高走,-1.05,0.77,-3.72
600829,人民同泰,上交所主板,1.52,6.17,62.98亿,3,否,否,-,2026-08-11,13:05,10.89,3.32,4,2026-08-11 13:05;2026-08-11 13:07;2026-08-11 13:22;2026-08-11 13:25,已跟踪,2026-08-12,-1.12,-1.68,-0.47,-0.47,2.33,-3.45,低开高走,-1.84,0.92,-4.78
600619,海立股份,上交所主板,2.35,7.19,157.57亿,1,否,否,-,2026-08-11,13:07,14.72,4.77,46,2026-08-11 13:07;2026-08-11 13:10;2026-08-11 13:17;2026-08-11 13:20;2026-08-11 13:22;2026-08-11 13:25;2026-08-11 13:27;2026-08-11 13:30;2026-08-11 13:32;2026-08-11 13:35;2026-08-11 13:37;2026-08-11 13:40;2026-08-11 13:42;2026-08-11 13:45;2026-08-11 13:47;2026-08-11 13:50;2026-08-11 13:52;2026-08-11 13:53;2026-08-11 13:55;2026-08-11 13:56;2026-08-11 13:58;2026-08-11 14:00;2026-08-11 14:03;2026-08-11 14:05;2026-08-11 14:07;2026-08-11 14:10;2026-08-11 14:12;2026-08-11 14:15;2026-08-11 14:17;2026-08-11 14:20;2026-08-11 14:22;2026-08-11 14:25;2026-08-11 14:27;2026-08-11 14:30;2026-08-11 14:32;2026-08-11 14:35;2026-08-11 14:37;2026-08-11 14:40;2026-08-11 14:42;2026-08-11 14:45;2026-08-11 14:47;2026-08-11 14:50;2026-08-11 14:52;2026-08-11 14:55;2026-08-11 14:57;2026-08-11 14:59,已跟踪,2026-08-12,-2.11,0.34,-0.27,-0.27,1.5,-2.59,冲高回落,-0.54,1.22,-2.85
002885,京泉华,深交所主板,4.93,9.90,85.47亿,1,否,否,-,2026-08-12,09:36,31.32,3.06,13,2026-08-12 09:36;2026-08-12 09:42;2026-08-12 09:45;2026-08-12 09:51;2026-08-12 09:54;2026-08-12 09:57;2026-08-12 10:00;2026-08-12 10:02;2026-08-12 10:05;2026-08-12 10:07;2026-08-12 10:10;2026-08-12 10:12;2026-08-12 10:15,已跟踪,2026-08-13,1.79,1.69,-0.44,-0.44,4.67,-1.19,冲高回落,1.34,6.55,0.57
002354,天娱数科,深交所主板,5.24,9.51,144.28亿,3,否,否,-,2026-08-12,09:42,8.73,4.93,2,2026-08-12 09:42;2026-08-12 09:45,已跟踪,2026-08-13,0.47,-0.7,-2.11,-2.11,4.57,-2.34,震荡收跌,-4.35,2.18,-4.58
603039,泛微网络,上交所主板,2.31,9.84,142.65亿,3,否,否,-,2026-08-12,09:45,46.5,3.96,20,2026-08-12 09:45;2026-08-12 09:51;2026-08-12 09:54;2026-08-12 09:57;2026-08-12 10:00;2026-08-12 10:00;2026-08-12 10:02;2026-08-12 10:05;2026-08-12 10:07;2026-08-12 10:10;2026-08-12 10:12;2026-08-12 10:15;2026-08-12 10:17;2026-08-12 10:22;2026-08-12 10:25;2026-08-12 10:27;2026-08-12 10:30;2026-08-12 10:32;2026-08-12 10:35;2026-08-12 10:37,已跟踪,2026-08-13,1.27,0.48,1.31,1.31,6.45,-0.57,高开高走,-0.3,4.75,-2.15
603106,恒银科技,上交所主板,3.51,8.04,50.49亿,5,否,否,-,2026-08-12,10:02,9.69,3.75,1,2026-08-12 10:02,已跟踪,2026-08-13,-0.42,-5.35,-6.08,-6.08,-0.42,-6.5,震荡收跌,-7.53,-1.96,-7.95
002842,翔鹭钨业,深交所主板,2.61,9.78,136.76亿,2,否,否,-,2026-08-12,10:05,41.75,3.75,2,2026-08-12 10:05;2026-08-12 10:07,已跟踪,2026-08-13,0.0,-1.68,-4.67,-4.67,1.8,-4.67,震荡收跌,-4.67,1.8,-4.67
603039,泛微网络,上交所主板,3.58,8.34,147.61亿,3,否,否,-,2026-08-13,09:50,47.65,4.13,7,2026-08-13 09:50;2026-08-13 09:52;2026-08-13 09:55;2026-08-13 10:00;2026-08-13 10:02;2026-08-13 10:05;2026-08-13 10:07,已跟踪,2026-08-14,0.67,-4.81,-3.15,-3.15,4.18,-6.28,高开低走,-5.77,1.36,-8.81
600572,康恩贝,上交所主板,15.39,5.68,125.91亿,1,否,否,-,2026-08-13,09:57,4.95,4.21,1,2026-08-13 09:57,已跟踪,2026-08-14,-1.07,2.35,2.56,2.56,4.27,-2.56,低开高走,-3.03,-1.41,-7.88
002885,京泉华,深交所主板,1.52,9.98,89.27亿,1,否,否,-,2026-08-13,10:05,32.87,3.11,3,2026-08-13 10:05;2026-08-13 13:02;2026-08-13 13:05,已跟踪,2026-08-14,0.47,-1.26,-2.05,-2.05,1.45,-3.37,震荡收跌,-5.42,-2.04,-6.69
600829,人民同泰,上交所主板,1.54,5.55,64.25亿,2,否,否,-,2026-08-13,10:57,11.05,3.37,11,2026-08-13 10:57;2026-08-13 11:00;2026-08-13 11:00;2026-08-13 11:09;2026-08-13 11:12;2026-08-13 11:15;2026-08-13 11:15;2026-08-13 11:17;2026-08-13 11:18;2026-08-13 11:20;2026-08-13 11:22,已跟踪,2026-08-14,-0.74,-1.4,10.05,10.05,10.05,-4.19,低开高走,7.06,7.06,-6.79
002979,雷赛智能,深交所主板,1.51,5.83,196.64亿,1,否,否,-,2026-08-13,11:00,62.33,4.25,18,2026-08-13 11:00;2026-08-13 11:00;2026-08-13 11:02;2026-08-13 11:03;2026-08-13 11:06;2026-08-13 11:09;2026-08-13 11:12;2026-08-13 11:15;2026-08-13 11:15;2026-08-13 11:17;2026-08-13 11:18;2026-08-13 11:20;2026-08-13 11:22;2026-08-13 11:27;2026-08-13 11:28;2026-08-13 13:00;2026-08-13 13:02;2026-08-13 13:05,已跟踪,2026-08-14,-0.51,-2.41,-1.45,-1.45,0.24,-3.6,低开低走,-3.06,-1.4,-5.18
603012,创力集团,上交所主板,1.52,6.75,60.45亿,1,否,否,-,2026-08-13,13:02,9.39,4.68,7,2026-08-13 13:02;2026-08-13 13:05;2026-08-13 13:12;2026-08-13 13:15;2026-08-13 13:17;2026-08-13 13:20;2026-08-13 13:22,已跟踪,2026-08-14,1.97,2.41,3.29,3.29,9.97,0.0,高开高走,0.43,6.92,-2.77
603890,春秋电子,上交所主板,2.12,5.33,86.86亿,1,否,否,-,2026-08-13,13:02,19.47,4.73,1,2026-08-13 13:02,已跟踪,2026-08-14,0.0,3.77,8.02,8.02,9.63,-4.16,震荡收涨,13.46,15.15,0.67
603990,麦迪科技,上交所主板,2.51,9.69,70.15亿,1,否,否,-,2026-08-14,09:50,23.08,3.68,13,2026-08-14 09:50;2026-08-14 09:52;2026-08-14 09:55;2026-08-14 09:57;2026-08-14 10:07;2026-08-14 10:10;2026-08-14 10:12;2026-08-14 10:15;2026-08-14 10:17;2026-08-14 10:20;2026-08-14 10:30;2026-08-14 10:37;2026-08-14 10:40,已跟踪,2026-08-17,0.51,-1.63,-0.21,-0.21,2.14,-4.58,高开低走,1.08,3.47,-3.34
603012,创力集团,上交所主板,2.85,10.00,60.90亿,1,否,否,-,2026-08-14,10:20,9.57,4.82,16,2026-08-14 10:20;2026-08-14 10:22;2026-08-14 10:25;2026-08-14 10:27;2026-08-14 10:40;2026-08-14 10:42;2026-08-14 10:45;2026-08-14 10:47;2026-08-14 10:50;2026-08-14 10:52;2026-08-14 10:55;2026-08-14 10:57;2026-08-14 11:00;2026-08-14 11:02;2026-08-14 11:05;2026-08-14 11:07,已跟踪,2026-08-17,2.44,-2.55,-2.23,-2.23,3.18,-4.56,高开低走,-3.66,1.67,-5.96
603757,大元泵业,上交所主板,1.52,7.47,113.59亿,2,否,否,-,2026-08-14,10:20,60.81,4.25,45,2026-08-14 10:20;2026-08-14 10:25;2026-08-14 10:27;2026-08-14 10:30;2026-08-14 10:32;2026-08-14 10:35;2026-08-14 10:42;2026-08-14 10:45;2026-08-14 10:47;2026-08-14 10:50;2026-08-14 10:52;2026-08-14 10:55;2026-08-14 10:57;2026-08-14 11:00;2026-08-14 11:02;2026-08-14 11:05;2026-08-14 11:07;2026-08-14 11:10;2026-08-14 11:12;2026-08-14 11:17;2026-08-14 11:20;2026-08-14 11:23;2026-08-14 11:25;2026-08-14 11:27;2026-08-14 13:00;2026-08-14 13:02;2026-08-14 13:12;2026-08-14 13:27;2026-08-14 13:30;2026-08-14 13:32;2026-08-14 13:37;2026-08-14 13:40;2026-08-14 13:42;2026-08-14 13:45;2026-08-14 13:47;2026-08-14 13:50;2026-08-14 13:52;2026-08-14 13:55;2026-08-14 13:57;2026-08-14 14:00;2026-08-14 14:02;2026-08-14 14:05;2026-08-14 14:07;2026-08-14 14:10;2026-08-14 14:12,已跟踪,2026-08-17,1.31,4.13,5.36,5.36,6.21,-1.23,高开高走,6.04,6.89,-0.59
002674,兴业科技,深交所主板,1.87,9.95,86.80亿,3,否,否,-,2026-08-14,10:57,29.81,4.74,14,2026-08-14 10:57;2026-08-14 11:00;2026-08-14 11:02;2026-08-14 11:05;2026-08-14 11:07;2026-08-14 11:10;2026-08-14 11:12;2026-08-14 11:17;2026-08-14 11:20;2026-08-14 13:00;2026-08-14 13:02;2026-08-14 13:07;2026-08-14 13:10;2026-08-14 13:12,已跟踪,2026-08-17,4.49,-3.71,1.69,1.69,6.58,-5.84,高开低走,1.04,5.9,-6.44
605179,一鸣食品,上交所主板,4.70,5.43,133.93亿,9,否,否,-,2026-08-17,09:52,33.35,4.51,4,2026-08-17 09:52;2026-08-17 09:57;2026-08-17 10:00;2026-08-17 10:02,已跟踪,2026-08-18,0.0,5.47,10.0,10.0,10.0,-3.13,震荡收涨,15.77,15.77,1.95
603078,江化微,上交所主板,1.51,6.77,145.54亿,2,否,否,-,2026-08-17,10:35,37.7,4.2,28,2026-08-17 10:35;2026-08-17 10:37;2026-08-17 10:40;2026-08-17 10:42;2026-08-17 10:45;2026-08-17 10:47;2026-08-17 10:50;2026-08-17 10:52;2026-08-17 10:56;2026-08-17 10:57;2026-08-17 10:59;2026-08-17 11:05;2026-08-17 11:07;2026-08-17 11:10;2026-08-17 11:12;2026-08-17 11:15;2026-08-17 11:17;2026-08-17 11:20;2026-08-17 11:22;2026-08-17 11:25;2026-08-17 11:27;2026-08-17 13:00;2026-08-17 13:02;2026-08-17 13:05;2026-08-17 13:07;2026-08-17 13:10;2026-08-17 13:12;2026-08-17 13:15,已跟踪,2026-08-18,-0.99,-0.29,-0.21,-0.21,2.54,-1.83,低开高走,1.11,3.9,-0.53
603068,博通集成,上交所主板,2.46,6.15,64.80亿,2,否,否,-,2026-08-17,10:42,42.81,3.31,2,2026-08-17 10:42;2026-08-17 10:45,已跟踪,2026-08-18,-0.53,-2.86,-1.51,-1.51,0.77,-3.35,低开低走,-1.0,1.28,-2.85
001696,宗申动力,深交所主板,1.52,6.74,190.07亿,1,否,否,-,2026-08-17,10:45,16.71,3.72,19,2026-08-17 10:45;2026-08-17 10:47;2026-08-17 10:50;2026-08-17 10:52;2026-08-17 10:54;2026-08-17 10:56;2026-08-17 10:57;2026-08-17 10:59;2026-08-17 11:00;2026-08-17 11:02;2026-08-17 11:05;2026-08-17 11:07;2026-08-17 11:10;2026-08-17 11:15;2026-08-17 11:22;2026-08-17 11:25;2026-08-17 11:27;2026-08-17 13:00;2026-08-17 13:02,已跟踪,2026-08-18,0.47,-2.02,-1.66,-1.66,1.36,-3.08,震荡收跌,-0.72,2.33,-2.15
002119,康强电子,深交所主板,1.51,5.99,93.86亿,1,否,否,-,2026-08-17,10:45,25.13,3.8,15,2026-08-17 10:45;2026-08-17 10:47;2026-08-17 10:50;2026-08-17 10:52;2026-08-17 10:54;2026-08-17 10:56;2026-08-17 10:57;2026-08-17 10:59;2026-08-17 11:00;2026-08-17 11:02;2026-08-17 11:05;2026-08-17 11:07;2026-08-17 11:10;2026-08-17 11:12;2026-08-17 11:17,已跟踪,2026-08-18,-0.39,0.04,1.02,1.02,3.35,-1.02,震荡收涨,2.11,4.46,0.04
601609,金田股份,上交所主板,8.80,5.61,198.79亿,1,否,否,-,2026-08-17,10:56,11.48,4.84,3,2026-08-17 10:56;2026-08-17 10:57;2026-08-17 10:59,已跟踪,2026-08-18,0.34,0.09,2.05,2.05,2.13,-1.88,震荡收涨,4.09,4.18,0.09
603938,三孚股份,上交所主板,1.63,5.34,175.89亿,1,否,否,-,2026-08-17,14:50,45.88,3.75,4,2026-08-17 14:50;2026-08-17 14:52;2026-08-17 14:54;2026-08-17 14:57,已跟踪,2026-08-18,0.09,1.63,1.15,1.15,4.52,-0.15,震荡收涨,1.35,4.73,0.04
002907,华森制药,深交所主板,50.88,8.13,72.24亿,2,否,否,-,2026-08-18,09:39,17.32,3.16,2,2026-08-18 09:39;2026-08-18 09:45,已跟踪,2026-08-19,-2.78,0.25,2.09,2.09,5.18,-5.06,低开高走,-6.76,-3.93,-13.28
600216,浙江医药,上交所主板,1.94,7.46,131.17亿,1,否,否,-,2026-08-18,10:00,13.85,4.92,38,2026-08-18 10:00;2026-08-18 10:05;2026-08-18 10:07;2026-08-18 10:32;2026-08-18 10:33;2026-08-18 10:45;2026-08-18 10:45;2026-08-18 10:47;2026-08-18 10:48;2026-08-18 10:51;2026-08-18 10:57;2026-08-18 11:00;2026-08-18 11:00;2026-08-18 11:06;2026-08-18 11:09;2026-08-18 11:12;2026-08-18 11:27;2026-08-18 13:00;2026-08-18 13:00;2026-08-18 13:02;2026-08-18 13:03;2026-08-18 13:06;2026-08-18 13:09;2026-08-18 13:12;2026-08-18 13:15;2026-08-18 13:15;2026-08-18 13:17;2026-08-18 13:18;2026-08-18 13:21;2026-08-18 13:24;2026-08-18 13:27;2026-08-18 13:30;2026-08-18 13:33;2026-08-18 13:36;2026-08-18 13:39;2026-08-18 13:42;2026-08-18 13:45;2026-08-18 13:45,已跟踪,2026-08-19,-1.67,0.51,1.24,1.24,3.49,-1.82,低开高走,0.58,2.82,-2.45
600829,人民同泰,上交所主板,3.79,9.92,69.82亿,3,否,否,-,2026-08-18,10:00,12.1,4.85,9,2026-08-18 10:00;2026-08-18 10:05;2026-08-18 10:27;2026-08-18 10:32;2026-08-18 10:33;2026-08-18 10:36;2026-08-18 10:42;2026-08-18 10:45;2026-08-18 10:45,已跟踪,2026-08-19,-2.02,-10.0,-10.0,-10.0,-0.84,-10.0,低开低走,-11.49,-2.48,-11.49
605179,一鸣食品,上交所主板,1.52,8.91,145.60亿,10,否,否,-,2026-08-18,10:00,36.39,3.68,23,2026-08-18 10:00;2026-08-18 10:00;2026-08-18 10:12;2026-08-18 10:54;2026-08-18 10:57;2026-08-18 11:12;2026-08-18 13:02;2026-08-18 13:03;2026-08-18 13:12;2026-08-18 13:15;2026-08-18 13:15;2026-08-18 13:17;2026-08-18 13:18;2026-08-18 13:21;2026-08-18 13:24;2026-08-18 13:27;2026-08-18 13:30;2026-08-18 13:33;2026-08-18 13:36;2026-08-18 13:39;2026-08-18 13:42;2026-08-18 13:45;2026-08-18 13:45,已跟踪,2026-08-19,-10.0,-10.0,-10.0,-10.0,-10.0,-10.0,震荡收跌,-4.51,-4.51,-4.51
002842,翔鹭钨业,深交所主板,3.23,8.41,136.50亿,2,否,否,-,2026-08-18,10:02,41.68,3.09,1,2026-08-18 10:02,已跟踪,2026-08-19,-3.48,-5.93,-7.2,-7.2,-0.86,-7.64,低开低走,-9.12,-2.9,-9.55
002741,光华科技,深交所主板,2.40,9.95,128.87亿,1,否,否,-,2026-08-18,10:07,27.45,3.82,18,2026-08-18 10:07;2026-08-18 10:10;2026-08-18 10:12;2026-08-18 10:15;2026-08-18 10:17;2026-08-18 10:17;2026-08-18 10:20;2026-08-18 10:20;2026-08-18 13:06;2026-08-18 13:09;2026-08-18 13:12;2026-08-18 13:15;2026-08-18 13:15;2026-08-18 13:17;2026-08-18 13:18;2026-08-18 13:21;2026-08-18 13:24;2026-08-18 13:27,已跟踪,2026-08-19,-4.56,-7.64,-9.06,-9.06,-2.62,-9.98,低开低走,-6.38,0.26,-7.32
002655,共达电声,深交所主板,1.66,7.92,134.20亿,2,否,否,-,2026-08-18,10:17,36.62,4.39,29,2026-08-18 10:17;2026-08-18 10:17;2026-08-18 10:20;2026-08-18 10:20;2026-08-18 10:22;2026-08-18 10:25;2026-08-18 10:27;2026-08-18 10:30;2026-08-18 10:32;2026-08-18 10:33;2026-08-18 10:36;2026-08-18 10:39;2026-08-18 10:42;2026-08-18 10:45;2026-08-18 10:45;2026-08-18 10:47;2026-08-18 10:48;2026-08-18 10:51;2026-08-18 10:54;2026-08-18 11:00;2026-08-18 11:02;2026-08-18 11:03;2026-08-18 11:12;2026-08-18 11:15;2026-08-18 11:18;2026-08-18 11:21;2026-08-18 11:24;2026-08-18 11:27;2026-08-18 13:15,已跟踪,2026-08-19,-3.5,-7.5,-9.55,-9.55,-0.18,-9.99,低开低走,-6.09,3.63,-6.55
002703,浙江世宝,深交所主板,1.52,8.89,126.27亿,2,否,否,-,2026-08-18,10:17,15.2,3.26,47,2026-08-18 10:17;2026-08-18 10:17;2026-08-18 10:20;2026-08-18 10:20;2026-08-18 10:22;2026-08-18 10:25;2026-08-18 10:27;2026-08-18 10:30;2026-08-18 10:32;2026-08-18 10:33;2026-08-18 10:36;2026-08-18 10:39;2026-08-18 10:42;2026-08-18 10:45;2026-08-18 10:45;2026-08-18 10:47;2026-08-18 10:48;2026-08-18 10:51;2026-08-18 10:54;2026-08-18 10:57;2026-08-18 11:02;2026-08-18 11:03;2026-08-18 11:06;2026-08-18 11:09;2026-08-18 11:15;2026-08-18 11:18;2026-08-18 11:21;2026-08-18 11:24;2026-08-18 11:27;2026-08-18 13:00;2026-08-18 13:02;2026-08-18 13:03;2026-08-18 13:06;2026-08-18 13:09;2026-08-18 13:12;2026-08-18 13:15;2026-08-18 13:15;2026-08-18 13:17;2026-08-18 13:18;2026-08-18 13:21;2026-08-18 13:24;2026-08-18 13:27;2026-08-18 13:30;2026-08-18 13:33;2026-08-18 13:36;2026-08-18 13:39;2026-08-18 13:42,已跟踪,2026-08-19,-3.1,-9.03,-10.0,-10.0,-3.1,-10.0,低开低走,-8.22,-1.18,-8.22
003043,华亚智能,深交所主板,1.96,5.77,108.22亿,1,否,否,-,2026-08-18,11:18,74.59,3.17,7,2026-08-18 11:18;2026-08-18 11:21;2026-08-18 11:24;2026-08-18 11:27;2026-08-18 13:00;2026-08-18 13:00;2026-08-18 13:06,已跟踪,2026-08-19,-1.9,-7.17,-10.0,-10.0,-1.31,-10.0,低开低走,-4.04,5.23,-4.04
002907,华森制药,深交所主板,7.21,7.76,68.07亿,2,否,否,-,2026-08-19,09:51,16.4,3.67,3,2026-08-19 09:51;2026-08-19 09:57;2026-08-19 10:18,已跟踪,2026-08-20,0.68,-3.78,-6.19,-6.19,1.61,-8.36,高开低走,-7.62,0.06,-9.76
002655,共达电声,深交所主板,1.77,6.35,129.50亿,2,否,否,-,2026-08-20,10:25,35.46,3.11,11,2026-08-20 10:25;2026-08-20 10:27;2026-08-20 10:30;2026-08-20 10:32;2026-08-20 10:35;2026-08-20 10:37;2026-08-20 10:45;2026-08-20 10:52;2026-08-20 10:54;2026-08-20 10:55;2026-08-20 10:57,已跟踪,2026-08-21,-1.51,9.99,9.99,9.99,9.99,-1.51,低开高走,6.51,6.51,-4.62
605179,一鸣食品,上交所主板,1.69,8.70,144.28亿,11,否,否,-,2026-08-20,10:40,36.19,4.14,17,2026-08-20 10:40;2026-08-20 10:42;2026-08-20 10:45;2026-08-20 10:47;2026-08-20 10:50;2026-08-20 10:52;2026-08-20 10:52;2026-08-20 10:54;2026-08-20 10:55;2026-08-20 10:57;2026-08-20 11:00;2026-08-20 11:02;2026-08-20 11:05;2026-08-20 11:07;2026-08-20 13:32;2026-08-20 13:32;2026-08-20 13:50,已跟踪,2026-08-21,-9.96,-9.99,-9.99,-9.99,-6.13,-9.99,低开低走,-12.82,-9.09,-12.82
600216,浙江医药,上交所主板,1.52,6.99,138.28亿,1,否,否,-,2026-08-20,13:17,14.38,3.23,10,2026-08-20 13:17;2026-08-20 13:20;2026-08-20 13:25;2026-08-20 13:27;2026-08-20 13:30;2026-08-20 13:32;2026-08-20 13:35;2026-08-20 13:35;2026-08-20 13:37;2026-08-20 13:40,已跟踪,2026-08-21,-3.24,-6.54,-8.88,-8.88,-2.55,-8.95,低开低走,-8.0,-1.6,-8.07
002842,翔鹭钨业,深交所主板,1.55,9.55,128.32亿,2,否,否,-,2026-08-21,10:10,39.19,4.84,26,2026-08-21 10:10;2026-08-21 10:12;2026-08-21 10:15;2026-08-21 10:17;2026-08-21 10:20;2026-08-21 10:22;2026-08-21 10:24;2026-08-21 10:26;2026-08-21 10:28;2026-08-21 10:30;2026-08-21 10:32;2026-08-21 10:35;2026-08-21 10:37;2026-08-21 10:40;2026-08-21 10:42;2026-08-21 10:45;2026-08-21 10:47;2026-08-21 10:50;2026-08-21 10:55;2026-08-21 10:57;2026-08-21 10:57;2026-08-21 10:59;2026-08-21 11:00;2026-08-21 11:10;2026-08-21 11:12;2026-08-21 11:15,已跟踪,2026-08-24,1.85,-2.53,-1.39,-1.39,2.53,-3.65,高开低走,-0.69,3.27,-2.96
603626,科森科技,上交所主板,8.85,9.63,107.37亿,3,否,否,-,2026-08-24,09:37,19.39,3.97,10,2026-08-24 09:37;2026-08-24 09:40;2026-08-24 09:42;2026-08-24 09:45;2026-08-24 09:47;2026-08-24 09:50;2026-08-24 09:52;2026-08-24 09:57;2026-08-24 10:05;2026-08-24 10:07,已跟踪,2026-08-25,-0.92,1.13,2.93,2.93,4.0,-5.9,低开高走,3.4,4.49,-5.47
603045,福达合金,上交所主板,8.97,5.78,80.09亿,2,否,否,-,2026-08-24,09:55,59.16,3.35,1,2026-08-24 09:55,已跟踪,2026-08-25,-1.33,-3.78,-3.21,-3.21,-0.5,-5.57,低开低走,-7.84,-5.26,-10.09
002115,三维通信,深交所主板,2.41,9.39,86.38亿,1,否,否,-,2026-08-24,10:05,10.89,4.71,38,2026-08-24 10:05;2026-08-24 10:07;2026-08-24 10:10;2026-08-24 10:12;2026-08-24 10:15;2026-08-24 10:17;2026-08-24 10:20;2026-08-24 10:22;2026-08-24 10:23;2026-08-24 10:25;2026-08-24 10:26;2026-08-24 10:28;2026-08-24 10:30;2026-08-24 10:32;2026-08-24 10:35;2026-08-24 10:37;2026-08-24 10:40;2026-08-24 10:42;2026-08-24 10:45;2026-08-24 10:47;2026-08-24 10:50;2026-08-24 10:52;2026-08-24 10:55;2026-08-24 10:57;2026-08-24 10:58;2026-08-24 11:00;2026-08-24 11:00;2026-08-24 11:02;2026-08-24 11:05;2026-08-24 11:07;2026-08-24 11:10;2026-08-24 11:12;2026-08-24 11:15;2026-08-24 11:17;2026-08-24 11:20;2026-08-24 11:22;2026-08-24 11:25;2026-08-24 11:27,已跟踪,2026-08-25,-2.77,-1.29,-1.2,-1.2,-0.65,-5.27,低开高走,-1.84,-1.29,-5.88
601020,华钰矿业,上交所主板,2.30,7.11,190.48亿,1,否,否,-,2026-08-24,11:22,23.19,4.74,38,2026-08-24 11:22;2026-08-24 13:00;2026-08-24 13:02;2026-08-24 13:05;2026-08-24 13:07;2026-08-24 13:10;2026-08-24 13:12;2026-08-24 13:15;2026-08-24 13:17;2026-08-24 13:20;2026-08-24 13:22;2026-08-24 13:25;2026-08-24 13:27;2026-08-24 13:30;2026-08-24 13:32;2026-08-24 13:37;2026-08-24 13:41;2026-08-24 13:41;2026-08-24 14:02;2026-08-24 14:05;2026-08-24 14:07;2026-08-24 14:10;2026-08-24 14:12;2026-08-24 14:15;2026-08-24 14:17;2026-08-24 14:20;2026-08-24 14:22;2026-08-24 14:23;2026-08-24 14:25;2026-08-24 14:25;2026-08-24 14:28;2026-08-24 14:30;2026-08-24 14:32;2026-08-24 14:35;2026-08-24 14:37;2026-08-24 14:40;2026-08-24 14:47;2026-08-24 14:50,已跟踪,2026-08-25,-1.25,-6.83,-6.4,-6.4,-0.94,-8.12,低开低走,-5.99,-0.52,-7.72
002017,东信和平,深交所主板,24.64,6.86,96.00亿,2,否,否,-,2026-08-25,09:47,16.57,3.69,1,2026-08-25 09:47,已跟踪,2026-08-26,-5.6,-2.36,-2.77,-2.77,-1.12,-7.61,低开高走,-0.54,1.15,-5.49
002655,共达电声,深交所主板,1.51,7.88,133.73亿,3,否,否,-,2026-08-25,10:05,36.67,3.65,29,2026-08-25 10:05;2026-08-25 10:07;2026-08-25 10:10;2026-08-25 10:12;2026-08-25 10:15;2026-08-25 10:23;2026-08-25 10:27;2026-08-25 10:30;2026-08-25 10:32;2026-08-25 10:35;2026-08-25 10:37;2026-08-25 10:40;2026-08-25 10:42;2026-08-25 10:45;2026-08-25 10:47;2026-08-25 10:50;2026-08-25 10:52;2026-08-25 10:54;2026-08-25 10:56;2026-08-25 10:56;2026-08-25 10:58;2026-08-25 11:00;2026-08-25 11:02;2026-08-25 11:05;2026-08-25 11:07;2026-08-25 11:10;2026-08-25 11:12;2026-08-25 11:15;2026-08-25 11:17,已跟踪,2026-08-26,1.36,-1.09,1.01,1.01,2.35,-3.71,高开低走,3.27,4.64,-1.55
603757,大元泵业,上交所主板,1.60,9.30,123.31亿,2,否,否,-,2026-08-25,10:27,66.17,4.2,62,2026-08-25 10:27;2026-08-25 10:30;2026-08-25 10:32;2026-08-25 10:35;2026-08-25 10:37;2026-08-25 10:40;2026-08-25 10:42;2026-08-25 10:45;2026-08-25 10:47;2026-08-25 10:50;2026-08-25 10:52;2026-08-25 11:15;2026-08-25 11:17;2026-08-25 11:22;2026-08-25 11:25;2026-08-25 11:27;2026-08-25 13:00;2026-08-25 13:02;2026-08-25 13:22;2026-08-25 13:27;2026-08-25 13:30;2026-08-25 13:32;2026-08-25 13:32;2026-08-25 13:35;2026-08-25 13:35;2026-08-25 13:37;2026-08-25 13:40;2026-08-25 13:42;2026-08-25 13:45;2026-08-25 13:47;2026-08-25 13:50;2026-08-25 13:52;2026-08-25 13:55;2026-08-25 13:57;2026-08-25 14:00;2026-08-25 14:02;2026-08-25 14:03;2026-08-25 14:05;2026-08-25 14:05;2026-08-25 14:07;2026-08-25 14:10;2026-08-25 14:12;2026-08-25 14:15;2026-08-25 14:17;2026-08-25 14:20;2026-08-25 14:22;2026-08-25 14:25;2026-08-25 14:27;2026-08-25 14:30;2026-08-25 14:32;2026-08-25 14:35;2026-08-25 14:37;2026-08-25 14:40;2026-08-25 14:42;2026-08-25 14:45;2026-08-25 14:47;2026-08-25 14:50;2026-08-25 14:52;2026-08-25 14:55;2026-08-25 14:57;2026-08-25 14:57;2026-08-25 14:59,已跟踪,2026-08-26,0.12,-2.56,-3.93,-3.93,2.68,-4.93,震荡收跌,-4.02,2.58,-5.02
000523,红棉股份,深交所主板,1.55,8.84,59.10亿,1,否,否,-,2026-08-25,13:17,3.22,4.89,1,2026-08-25 13:17,已跟踪,2026-08-26,-4.0,0.92,0.92,0.92,4.31,-4.31,低开高走,1.86,5.28,-3.42
002907,华森制药,深交所主板,4.20,9.40,67.94亿,3,否,否,-,2026-08-26,09:52,16.52,4.96,15,2026-08-26 09:52;2026-08-26 10:00;2026-08-26 10:02;2026-08-26 10:05;2026-08-26 10:07;2026-08-26 10:10;2026-08-26 10:12;2026-08-26 10:22;2026-08-26 10:27;2026-08-26 10:27;2026-08-26 10:29;2026-08-26 10:30;2026-08-26 10:32;2026-08-26 10:35;2026-08-26 10:37,已跟踪,2026-08-27,0.06,-1.48,0.74,0.74,3.58,-2.47,震荡收涨,-1.21,1.57,-4.36
000533,顺钠股份,深交所主板,3.68,8.43,76.40亿,2,否,否,-,2026-08-26,10:37,10.87,3.03,5,2026-08-26 10:37;2026-08-26 10:42;2026-08-26 10:50;2026-08-26 10:59;2026-08-26 11:01,已跟踪,2026-08-27,-3.01,0.43,0.43,0.43,1.81,-4.13,低开高走,7.27,8.74,2.39
002017,东信和平,深交所主板,6.06,5.84,98.62亿,2,否,否,-,2026-08-27,09:47,16.98,3.03,2,2026-08-27 09:47;2026-08-27 09:55,已跟踪,2026-08-28,-0.54,-2.39,-3.34,-3.34,0.12,-3.34,低开低走,-4.65,-1.24,-4.65
002842,翔鹭钨业,深交所主板,1.61,9.97,127.04亿,2,否,否,-,2026-08-27,10:17,38.33,3.34,16,2026-08-27 10:17;2026-08-27 10:20;2026-08-27 10:22;2026-08-27 10:25;2026-08-27 10:27;2026-08-27 10:30;2026-08-27 10:32;2026-08-27 10:37;2026-08-27 10:40;2026-08-27 10:42;2026-08-27 10:45;2026-08-27 11:10;2026-08-27 11:12;2026-08-27 11:15;2026-08-27 13:02;2026-08-27 13:05,已跟踪,2026-08-28,0.1,2.15,2.71,2.71,4.43,-1.46,震荡收涨,4.7,6.44,0.44
002119,康强电子,深交所主板,1.51,8.46,87.10亿,1,否,否,-,2026-08-27,10:45,23.26,3.33,33,2026-08-27 10:45;2026-08-27 10:47;2026-08-27 10:50;2026-08-27 10:52;2026-08-27 10:55;2026-08-27 10:57;2026-08-27 11:00;2026-08-27 11:02;2026-08-27 11:05;2026-08-27 11:07;2026-08-27 11:10;2026-08-27 11:12;2026-08-27 11:15;2026-08-27 11:17;2026-08-27 11:20;2026-08-27 11:22;2026-08-27 11:25;2026-08-27 11:27;2026-08-27 13:00;2026-08-27 13:02;2026-08-27 13:05;2026-08-27 13:07;2026-08-27 13:10;2026-08-27 13:12;2026-08-27 13:15;2026-08-27 13:17;2026-08-27 13:25;2026-08-27 13:27;2026-08-27 13:45;2026-08-27 13:47;2026-08-27 13:50;2026-08-27 14:02;2026-08-27 14:05,已跟踪,2026-08-28,-1.1,-2.03,-1.57,-1.57,0.68,-2.54,低开低走,-0.04,2.24,-1.03
002971,和远气体,深交所主板,1.52,6.11,90.97亿,4,否,否,-,2026-08-27,10:50,43.31,4.41,13,2026-08-27 10:50;2026-08-27 10:52;2026-08-27 10:55;2026-08-27 10:57;2026-08-27 11:00;2026-08-27 11:02;2026-08-27 11:05;2026-08-27 11:07;2026-08-27 11:10;2026-08-27 11:12;2026-08-27 11:15;2026-08-27 11:17;2026-08-27 11:20,已跟踪,2026-08-28,1.82,10.0,10.0,10.0,10.0,0.82,高开高走,8.7,8.7,-0.37
003043,华亚智能,深交所主板,1.88,8.16,113.54亿,2,否,否,-,2026-08-27,13:22,79.18,4.9,6,2026-08-27 13:22;2026-08-27 13:32;2026-08-27 13:35;2026-08-27 13:37;2026-08-27 13:40;2026-08-27 13:52,已跟踪,2026-08-28,-0.61,3.64,3.27,3.27,8.35,-0.61,低开高走,4.51,9.65,0.58
002971,和远气体,深交所主板,8.15,5.50,94.23亿,4,否,否,-,2026-08-28,09:45,44.9,4.91,2,2026-08-28 09:45;2026-08-28 09:47,已跟踪,2026-08-31,-4.42,-3.19,-1.42,-1.42,-1.32,-5.48,低开高走,3.36,3.47,-0.89
002824,和胜股份,深交所主板,6.71,5.36,85.57亿,1,否,否,-,2026-08-28,09:52,27.5,3.07,1,2026-08-28 09:52,已跟踪,2026-08-31,-1.26,0.69,1.45,1.45,2.87,-2.18,低开高走,-3.6,-2.25,-7.05
603039,泛微网络,上交所主板,7.58,8.28,126.22亿,1,否,否,-,2026-08-28,10:12,40.87,3.0,4,2026-08-28 10:12;2026-08-28 10:17;2026-08-28 10:20;2026-08-28 10:27,已跟踪,2026-08-31,-3.51,-1.34,3.91,3.91,3.93,-3.76,低开高走,2.74,2.76,-4.84
603466,风语筑,上交所主板,5.14,5.68,67.93亿,3,否,否,-,2026-08-28,10:12,11.43,3.07,1,2026-08-28 10:12,已跟踪,2026-08-31,-0.09,5.92,6.55,6.55,7.44,-0.45,震荡收涨,3.94,4.81,-2.89
603938,三孚股份,上交所主板,2.51,8.93,177.58亿,2,否,否,-,2026-08-28,10:15,46.86,4.23,65,2026-08-28 10:15;2026-08-28 10:17;2026-08-28 10:20;2026-08-28 10:22;2026-08-28 10:25;2026-08-28 10:27;2026-08-28 10:30;2026-08-28 10:32;2026-08-28 10:35;2026-08-28 10:37;2026-08-28 10:40;2026-08-28 10:42;2026-08-28 10:45;2026-08-28 10:47;2026-08-28 10:57;2026-08-28 11:00;2026-08-28 11:02;2026-08-28 11:05;2026-08-28 11:17;2026-08-28 11:20;2026-08-28 13:07;2026-08-28 13:10;2026-08-28 13:12;2026-08-28 13:15;2026-08-28 13:17;2026-08-28 13:20;2026-08-28 13:22;2026-08-28 13:25;2026-08-28 13:27;2026-08-28 13:30;2026-08-28 13:32;2026-08-28 13:35;2026-08-28 13:37;2026-08-28 13:40;2026-08-28 13:42;2026-08-28 13:45;2026-08-28 13:47;2026-08-28 13:50;2026-08-28 13:52;2026-08-28 13:55;2026-08-28 13:57;2026-08-28 14:00;2026-08-28 14:02;2026-08-28 14:05;2026-08-28 14:07;2026-08-28 14:10;2026-08-28 14:12;2026-08-28 14:15;2026-08-28 14:17;2026-08-28 14:20;2026-08-28 14:22;2026-08-28 14:25;2026-08-28 14:27;2026-08-28 14:30;2026-08-28 14:32;2026-08-28 14:35;2026-08-28 14:37;2026-08-28 14:40;2026-08-28 14:42;2026-08-28 14:45;2026-08-28 14:47;2026-08-28 14:50;2026-08-28 14:52;2026-08-28 14:55;2026-08-28 14:57,已跟踪,2026-08-31,-3.17,-2.87,-1.62,-1.62,-1.1,-3.58,低开高走,-2.56,-2.05,-4.5
603078,江化微,上交所主板,1.51,7.66,140.99亿,2,否,否,-,2026-08-28,10:40,36.35,3.59,22,2026-08-28 10:40;2026-08-28 10:42;2026-08-28 10:45;2026-08-28 10:47;2026-08-28 10:50;2026-08-28 10:55;2026-08-28 10:57;2026-08-28 13:22;2026-08-28 13:27;2026-08-28 13:30;2026-08-28 13:35;2026-08-28 13:45;2026-08-28 13:47;2026-08-28 13:50;2026-08-28 13:52;2026-08-28 13:57;2026-08-28 14:00;2026-08-28 14:02;2026-08-28 14:05;2026-08-28 14:07;2026-08-28 14:10;2026-08-28 14:12,已跟踪,2026-08-31,-2.79,-2.73,-1.23,-1.23,-0.36,-4.56,低开高走,-0.55,0.33,-3.91
003043,华亚智能,深交所主板,1.51,6.58,118.63亿,2,否,否,-,2026-08-28,10:47,83.94,4.75,33,2026-08-28 10:47;2026-08-28 10:50;2026-08-28 10:52;2026-08-28 10:55;2026-08-28 10:57;2026-08-28 11:00;2026-08-28 11:02;2026-08-28 11:05;2026-08-28 11:07;2026-08-28 11:10;2026-08-28 11:12;2026-08-28 11:15;2026-08-28 11:17;2026-08-28 11:20;2026-08-28 11:22;2026-08-28 11:25;2026-08-28 11:27;2026-08-28 13:00;2026-08-28 13:02;2026-08-28 13:05;2026-08-28 13:07;2026-08-28 13:10;2026-08-28 13:12;2026-08-28 13:15;2026-08-28 13:17;2026-08-28 13:20;2026-08-28 13:22;2026-08-28 13:25;2026-08-28 13:27;2026-08-28 13:30;2026-08-28 13:32;2026-08-28 13:35;2026-08-28 13:37,已跟踪,2026-08-31,-2.72,-3.64,0.6,0.6,0.64,-4.68,低开高走,-0.82,-0.79,-6.03
603012,创力集团,上交所主板,3.81,5.46,63.42亿,1,否,否,-,2026-08-28,11:10,9.79,4.82,1,2026-08-28 11:10,已跟踪,2026-08-31,-1.19,3.28,3.77,3.77,5.06,-1.19,低开高走,6.74,8.07,1.63
002842,翔鹭钨业,深交所主板,1.56,9.83,132.21亿,2,否,否,-,2026-08-28,13:02,40.38,3.35,1,2026-08-28 13:02,已跟踪,2026-08-31,-4.86,-6.25,-3.04,-3.04,-2.99,-7.8,低开高走,-3.64,-3.59,-8.37
601020,华钰矿业,上交所主板,1.59,6.17,194.17亿,1,否,否,-,2026-08-28,13:07,23.54,4.02,16,2026-08-28 13:07;2026-08-28 13:10;2026-08-28 13:12;2026-08-28 13:15;2026-08-28 13:40;2026-08-28 13:42;2026-08-28 13:45;2026-08-28 13:47;2026-08-28 13:50;2026-08-28 13:52;2026-08-28 13:55;2026-08-28 13:57;2026-08-28 14:00;2026-08-28 14:02;2026-08-28 14:05;2026-08-28 14:07,已跟踪,2026-08-31,-3.99,-4.08,-2.52,-2.52,-2.06,-6.6,低开高走,-1.44,-0.98,-5.56
603191,望变电气,上交所主板,2.61,5.40,50.09亿,2,否,否,-,2026-08-28,14:15,15.13,5.0,1,2026-08-28 14:15,已跟踪,2026-08-31,-1.2,-2.66,-1.06,-1.06,0.2,-3.26,低开高走,-1.65,-0.4,-3.83
000912,泸天化,深交所主板,13.30,7.85,71.34亿,1,否,否,-,2026-08-31,09:40,4.57,4.82,11,2026-08-31 09:40;2026-08-31 09:42;2026-08-31 09:45;2026-08-31 09:47;2026-08-31 09:50;2026-08-31 09:52;2026-08-31 09:57;2026-08-31 10:00;2026-08-31 10:02;2026-08-31 10:05;2026-08-31 10:07,已跟踪,2026-09-01,-5.39,-0.22,0.86,0.86,4.31,-5.39,低开高走,2.41,5.91,-3.94
603466,风语筑,上交所主板,4.09,9.22,69.54亿,3,否,否,-,2026-08-31,09:42,11.65,4.48,22,2026-08-31 09:42;2026-08-31 09:45;2026-08-31 09:47;2026-08-31 09:50;2026-08-31 09:52;2026-08-31 09:55;2026-08-31 09:57;2026-08-31 10:00;2026-08-31 10:02;2026-08-31 10:05;2026-08-31 10:07;2026-08-31 10:10;2026-08-31 10:12;2026-08-31 10:15;2026-08-31 10:17;2026-08-31 10:20;2026-08-31 10:22;2026-08-31 10:25;2026-08-31 10:27;2026-08-31 10:30;2026-08-31 10:37;2026-08-31 10:40,已跟踪,2026-09-01,-0.67,1.94,0.51,0.51,3.54,-3.28,冲高回落,2.49,5.58,-1.37
603890,春秋电子,上交所主板,1.52,6.74,94.23亿,1,否,否,-,2026-08-31,10:47,18.77,3.36,4,2026-08-31 10:47;2026-08-31 13:00;2026-08-31 13:02;2026-08-31 13:17,已跟踪,2026-09-01,0.32,-1.22,-1.01,-1.01,0.58,-2.97,震荡收跌,-0.53,1.07,-2.5
603757,大元泵业,上交所主板,1.52,5.15,125.94亿,2,否,否,-,2026-08-31,11:00,67.42,3.28,3,2026-08-31 11:00;2026-08-31 11:10;2026-08-31 11:12,已跟踪,2026-09-01,0.0,0.59,0.3,0.3,2.84,-1.44,震荡收涨,3.22,5.83,1.42
603366,日出东方,上交所主板,1.86,6.96,62.93亿,1,否,否,-,2026-08-31,11:07,7.68,4.07,50,2026-08-31 11:07;2026-08-31 11:10;2026-08-31 11:12;2026-08-31 11:15;2026-08-31 11:17;2026-08-31 11:20;2026-08-31 11:22;2026-08-31 11:25;2026-08-31 11:27;2026-08-31 13:07;2026-08-31 13:10;2026-08-31 13:12;2026-08-31 13:15;2026-08-31 13:17;2026-08-31 13:20;2026-08-31 13:22;2026-08-31 13:25;2026-08-31 13:27;2026-08-31 13:30;2026-08-31 13:32;2026-08-31 13:35;2026-08-31 13:37;2026-08-31 13:40;2026-08-31 13:42;2026-08-31 13:45;2026-08-31 13:47;2026-08-31 13:50;2026-08-31 13:52;2026-08-31 13:55;2026-08-31 13:57;2026-08-31 14:00;2026-08-31 14:02;2026-08-31 14:05;2026-08-31 14:07;2026-08-31 14:10;2026-08-31 14:12;2026-08-31 14:15;2026-08-31 14:17;2026-08-31 14:20;2026-08-31 14:22;2026-08-31 14:25;2026-08-31 14:27;2026-08-31 14:30;2026-08-31 14:32;2026-08-31 14:35;2026-08-31 14:45;2026-08-31 14:50;2026-08-31 14:50;2026-08-31 14:55;2026-08-31 14:57,已跟踪,2026-09-01,-0.39,0.91,0.0,0.0,1.94,-1.94,冲高回落,0.52,2.47,-1.43
603012,创力集团,上交所主板,1.57,7.18,67.69亿,1,否,否,-,2026-08-31,13:10,10.38,3.08,40,2026-08-31 13:10;2026-08-31 13:12;2026-08-31 13:15;2026-08-31 13:17;2026-08-31 13:20;2026-08-31 13:22;2026-08-31 13:25;2026-08-31 13:27;2026-08-31 13:30;2026-08-31 13:32;2026-08-31 13:35;2026-08-31 13:37;2026-08-31 13:40;2026-08-31 13:42;2026-08-31 13:45;2026-08-31 13:47;2026-08-31 13:50;2026-08-31 13:52;2026-08-31 13:55;2026-08-31 13:57;2026-08-31 14:00;2026-08-31 14:02;2026-08-31 14:05;2026-08-31 14:07;2026-08-31 14:10;2026-08-31 14:12;2026-08-31 14:15;2026-08-31 14:17;2026-08-31 14:20;2026-08-31 14:22;2026-08-31 14:25;2026-08-31 14:27;2026-08-31 14:30;2026-08-31 14:47;2026-08-31 14:48;2026-08-31 14:50;2026-08-31 14:50;2026-08-31 14:53;2026-08-31 14:55;2026-08-31 14:57,已跟踪,2026-09-01,-0.48,1.53,-0.48,-0.48,2.78,-1.24,冲高回落,0.19,3.47,-0.58
605188,国光连锁,上交所主板,7.26,5.22,70.12亿,1,否,否,-,2026-08-31,13:15,13.8,3.22,6,2026-08-31 13:15;2026-08-31 13:17;2026-08-31 13:20;2026-08-31 13:22;2026-08-31 13:25;2026-08-31 13:27,已跟踪,2026-09-01,1.17,9.99,9.99,9.99,9.99,1.17,高开高走,8.55,8.55,-0.14
603039,泛微网络,上交所主板,1.67,9.36,129.18亿,1,否,否,-,2026-08-31,13:32,41.7,3.19,16,2026-08-31 13:32;2026-08-31 13:35;2026-08-31 13:40;2026-08-31 13:42;2026-08-31 13:45;2026-08-31 14:37;2026-08-31 14:40;2026-08-31 14:42;2026-08-31 14:45;2026-08-31 14:47;2026-08-31 14:48;2026-08-31 14:50;2026-08-31 14:50;2026-08-31 14:53;2026-08-31 14:55;2026-08-31 14:57,已跟踪,2026-09-01,-0.05,-0.57,-0.9,-0.9,2.1,-3.31,震荡收跌,-0.22,2.81,-2.64
002134,天津普林,深交所主板,1.62,5.73,57.15亿,1,否,否,-,2026-08-31,14:25,23.05,4.44,16,2026-08-31 14:25;2026-08-31 14:27;2026-08-31 14:30;2026-08-31 14:32;2026-08-31 14:35;2026-08-31 14:37;2026-08-31 14:40;2026-08-31 14:42;2026-08-31 14:45;2026-08-31 14:47;2026-08-31 14:48;2026-08-31 14:50;2026-08-31 14:50;2026-08-31 14:53;2026-08-31 14:55;2026-08-31 14:57,已跟踪,2026-09-01,-0.04,-2.34,-2.43,-2.43,0.04,-3.25,震荡收跌,-2.39,0.09,-3.21
603068,博通集成,上交所主板,2.04,9.99,61.64亿,1,否,否,-,2026-09-01,09:47,40.69,3.51,56,2026-09-01 09:47;2026-09-01 09:50;2026-09-01 09:52;2026-09-01 09:55;2026-09-01 09:57;2026-09-01 10:00;2026-09-01 10:02;2026-09-01 10:05;2026-09-01 10:07;2026-09-01 10:10;2026-09-01 10:12;2026-09-01 10:15;2026-09-01 10:17;2026-09-01 10:20;2026-09-01 10:22;2026-09-01 10:25;2026-09-01 10:27;2026-09-01 10:30;2026-09-01 10:32;2026-09-01 10:35;2026-09-01 10:37;2026-09-01 10:40;2026-09-01 10:42;2026-09-01 10:45;2026-09-01 10:47;2026-09-01 10:50;2026-09-01 10:52;2026-09-01 10:55;2026-09-01 10:57;2026-09-01 11:00;2026-09-01 11:02;2026-09-01 11:05;2026-09-01 11:07;2026-09-01 11:10;2026-09-01 11:12;2026-09-01 11:15;2026-09-01 11:17;2026-09-01 11:20;2026-09-01 11:22;2026-09-01 11:25;2026-09-01 11:27;2026-09-01 13:02;2026-09-01 13:04;2026-09-01 13:22;2026-09-01 13:26;2026-09-01 13:45;2026-09-01 13:47;2026-09-01 13:50;2026-09-01 13:52;2026-09-01 13:55;2026-09-01 13:57;2026-09-01 14:00;2026-09-01 14:02;2026-09-01 14:05;2026-09-01 14:07;2026-09-01 14:07,已跟踪,2026-09-02,0.0,2.15,2.0,2.0,3.29,-0.79,震荡收涨,1.45,2.73,-1.33
002017,东信和平,深交所主板,1.52,6.25,96.47亿,2,否,否,-,2026-09-01,10:12,16.65,4.91,18,2026-09-01 10:12;2026-09-01 10:15;2026-09-01 10:17;2026-09-01 10:20;2026-09-01 10:22;2026-09-01 10:25;2026-09-01 10:27;2026-09-01 10:30;2026-09-01 10:32;2026-09-01 10:35;2026-09-01 10:37;2026-09-01 10:40;2026-09-01 10:42;2026-09-01 10:45;2026-09-01 10:47;2026-09-01 10:50;2026-09-01 10:52;2026-09-01 10:55,已跟踪,2026-09-02,-2.18,4.06,2.55,2.55,4.79,-3.76,上午涨下午跌,1.62,3.84,-4.62
605188,国光连锁,上交所主板,2.98,7.67,78.35亿,2,否,否,-,2026-09-02,09:47,15.65,4.47,52,2026-09-02 09:47;2026-09-02 09:50;2026-09-02 09:52;2026-09-02 09:57;2026-09-02 10:00;2026-09-02 10:05;2026-09-02 10:12;2026-09-02 10:15;2026-09-02 10:17;2026-09-02 10:20;2026-09-02 10:22;2026-09-02 10:25;2026-09-02 10:30;2026-09-02 10:32;2026-09-02 10:40;2026-09-02 10:42;2026-09-02 10:45;2026-09-02 10:47;2026-09-02 10:50;2026-09-02 10:52;2026-09-02 10:55;2026-09-02 10:57;2026-09-02 11:00;2026-09-02 11:02;2026-09-02 11:05;2026-09-02 11:07;2026-09-02 11:10;2026-09-02 11:12;2026-09-02 11:15;2026-09-02 11:17;2026-09-02 11:20;2026-09-02 13:07;2026-09-02 13:10;2026-09-02 13:15;2026-09-02 13:22;2026-09-02 13:25;2026-09-02 13:27;2026-09-02 13:30;2026-09-02 13:32;2026-09-02 13:32;2026-09-02 13:40;2026-09-02 13:42;2026-09-02 13:45;2026-09-02 13:47;2026-09-02 13:50;2026-09-02 13:52;2026-09-02 13:55;2026-09-02 13:57;2026-09-02 14:00;2026-09-02 14:02;2026-09-02 14:05;2026-09-02 14:07,已跟踪,2026-09-03,0.33,0.99,1.85,1.85,5.08,-7.98,震荡收涨,-1.28,1.85,-10.8
002971,和远气体,深交所主板,4.87,7.41,95.03亿,4,否,否,-,2026-09-02,09:52,45.17,3.34,4,2026-09-02 09:52;2026-09-02 09:55;2026-09-02 09:57;2026-09-02 10:00,已跟踪,2026-09-03,2.0,-4.66,-5.1,-5.1,3.17,-6.82,高开低走,-8.57,-0.6,-10.23
603270,金帝股份,上交所主板,4.25,9.96,66.10亿,1,否,否,-,2026-09-02,09:52,30.08,4.16,6,2026-09-02 09:52;2026-09-02 09:55;2026-09-02 10:07;2026-09-02 10:10;2026-09-02 10:12;2026-09-02 10:30,已跟踪,2026-09-03,3.87,10.01,10.01,10.01,10.01,3.27,高开高走,16.19,16.19,9.08
603890,春秋电子,上交所主板,1.86,9.67,98.08亿,1,否,否,-,2026-09-02,10:22,19.29,3.32,40,2026-09-02 10:22;2026-09-02 10:25;2026-09-02 10:27;2026-09-02 10:32;2026-09-02 10:35;2026-09-02 10:37;2026-09-02 10:42;2026-09-02 10:45;2026-09-02 10:47;2026-09-02 10:50;2026-09-02 10:52;2026-09-02 10:55;2026-09-02 10:57;2026-09-02 11:00;2026-09-02 11:02;2026-09-02 11:05;2026-09-02 11:07;2026-09-02 11:10;2026-09-02 11:12;2026-09-02 11:15;2026-09-02 11:17;2026-09-02 11:20;2026-09-02 11:22;2026-09-02 11:25;2026-09-02 11:27;2026-09-02 13:00;2026-09-02 13:02;2026-09-02 13:05;2026-09-02 13:07;2026-09-02 13:10;2026-09-02 13:12;2026-09-02 13:15;2026-09-02 13:17;2026-09-02 13:20;2026-09-02 13:22;2026-09-02 13:25;2026-09-02 13:27;2026-09-02 13:30;2026-09-02 13:32;2026-09-02 13:32,已跟踪,2026-09-03,2.45,1.73,0.1,0.1,6.98,-0.87,冲高回落,1.81,8.81,0.83
002017,东信和平,深交所主板,1.88,10.00,98.96亿,2,否,否,-,2026-09-02,10:27,17.09,3.58,24,2026-09-02 10:27;2026-09-02 10:30;2026-09-02 10:32;2026-09-02 10:35;2026-09-02 10:37;2026-09-02 10:40;2026-09-02 10:55;2026-09-02 10:57;2026-09-02 11:00;2026-09-02 11:02;2026-09-02 11:05;2026-09-02 11:07;2026-09-02 11:10;2026-09-02 11:12;2026-09-02 11:15;2026-09-02 11:17;2026-09-02 11:20;2026-09-02 11:22;2026-09-02 11:25;2026-09-02 11:27;2026-09-02 13:00;2026-09-02 13:02;2026-09-02 13:05;2026-09-02 13:07,已跟踪,2026-09-03,-2.19,-2.54,-2.66,-2.66,0.89,-3.37,低开低走,-3.63,-0.12,-4.33
603757,大元泵业,上交所主板,1.52,6.35,135.58亿,1,否,否,-,2026-09-02,10:30,72.71,4.48,19,2026-09-02 10:30;2026-09-02 10:35;2026-09-02 10:40;2026-09-02 10:47;2026-09-02 10:52;2026-09-02 10:55;2026-09-02 10:57;2026-09-02 11:07;2026-09-02 11:12;2026-09-02 11:15;2026-09-02 11:17;2026-09-02 13:00;2026-09-02 13:02;2026-09-02 13:05;2026-09-02 13:07;2026-09-02 13:10;2026-09-02 13:12;2026-09-02 13:15;2026-09-02 13:17,已跟踪,2026-09-03,0.4,3.36,10.0,10.0,10.0,-1.97,震荡收涨,9.26,9.26,-2.63
002297,博云新材,深交所主板,17.72,9.25,117.94亿,1,否,否,-,2026-09-03,09:45,20.6,3.0,1,2026-09-03 09:45,已跟踪,2026-09-04,0.05,-1.45,-3.09,-3.09,3.86,-3.82,震荡收跌,3.5,10.92,2.72
603890,春秋电子,上交所主板,8.73,6.20,103.22亿,1,否,否,-,2026-09-03,09:45,20.23,3.11,2,2026-09-03 09:45;2026-09-03 09:47,已跟踪,2026-09-04,1.78,0.97,-0.15,-0.15,3.46,-2.49,冲高回落,-3.06,0.44,-5.34
603466,风语筑,上交所主板,4.97,5.32,74.23亿,2,否,否,-,2026-09-03,09:47,12.49,3.57,1,2026-09-03 09:47,已跟踪,2026-09-04,-1.49,2.07,2.48,2.48,3.39,-2.32,低开高走,-0.8,0.08,-5.44
605188,国光连锁,上交所主板,1.98,7.27,79.31亿,2,否,否,-,2026-09-03,10:50,15.87,4.61,20,2026-09-03 10:50;2026-09-03 10:52;2026-09-03 10:55;2026-09-03 11:00;2026-09-03 11:02;2026-09-03 13:02;2026-09-03 13:05;2026-09-03 13:07;2026-09-03 13:10;2026-09-03 13:15;2026-09-03 13:17;2026-09-03 13:20;2026-09-03 13:22;2026-09-03 13:25;2026-09-03 13:27;2026-09-03 13:47;2026-09-03 13:50;2026-09-03 13:55;2026-09-03 13:57;2026-09-03 14:00,已跟踪,2026-09-04,-8.35,-6.28,-7.44,-7.44,3.37,-9.97,低开高走,-9.89,0.63,-12.35
603757,大元泵业,上交所主板,1.51,7.03,140.28亿,1,否,否,-,2026-09-03,11:22,75.04,3.9,15,2026-09-03 11:22;2026-09-03 11:25;2026-09-03 11:27;2026-09-03 13:00;2026-09-03 13:02;2026-09-03 13:05;2026-09-03 13:07;2026-09-03 13:10;2026-09-03 13:12;2026-09-03 13:15;2026-09-03 13:20;2026-09-03 13:25;2026-09-03 13:27;2026-09-03 13:30;2026-09-03 13:32,已跟踪,2026-09-04,-0.89,-6.31,-8.85,-8.85,0.58,-9.99,低开低走,-3.5,6.48,-4.72
002553,南方精工,深交所主板,3.25,9.99,61.32亿,1,否,否,-,2026-09-03,11:25,17.26,3.35,40,2026-09-03 11:25;2026-09-03 11:27;2026-09-03 13:00;2026-09-03 13:02;2026-09-03 13:05;2026-09-03 13:15;2026-09-03 13:22;2026-09-03 13:25;2026-09-03 13:27;2026-09-03 13:30;2026-09-03 13:32;2026-09-03 13:33;2026-09-03 13:35;2026-09-03 13:35;2026-09-03 13:37;2026-09-03 13:40;2026-09-03 13:42;2026-09-03 13:47;2026-09-03 13:50;2026-09-03 13:52;2026-09-03 13:55;2026-09-03 13:57;2026-09-03 14:00;2026-09-03 14:02;2026-09-03 14:05;2026-09-03 14:07;2026-09-03 14:10;2026-09-03 14:12;2026-09-03 14:15;2026-09-03 14:17;2026-09-03 14:20;2026-09-03 14:22;2026-09-03 14:25;2026-09-03 14:27;2026-09-03 14:30;2026-09-03 14:32;2026-09-03 14:35;2026-09-03 14:37;2026-09-03 14:40;2026-09-03 14:42,已跟踪,2026-09-04,-0.92,-0.12,-1.9,-1.9,1.21,-2.36,低开低走,-1.27,1.85,-1.74
002284,亚太股份,深交所主板,1.93,6.42,79.16亿,1,否,否,-,2026-09-03,13:22,10.73,3.27,2,2026-09-03 13:22;2026-09-03 14:05,已跟踪,2026-09-04,-0.09,-3.27,-4.21,-4.21,0.93,-5.14,震荡收跌,-4.47,0.65,-5.41
002297,博云新材,深交所主板,33.48,5.28,130.50亿,2,否,否,-,2026-09-04,09:32,22.77,3.5,1,2026-09-04 09:32,已跟踪,2026-09-07,-0.42,-1.78,-2.25,-2.25,0.19,-3.85,震荡收跌,-8.48,-6.19,-9.97
002354,天娱数科,深交所主板,4.02,5.07,133.86亿,1,否,否,-,2026-09-04,09:42,8.09,4.12,1,2026-09-04 09:42,已跟踪,2026-09-07,-0.95,-0.71,-0.24,-0.24,2.01,-1.18,低开高走,4.2,6.55,3.21
002757,南兴股份,深交所主板,2.83,9.95,54.95亿,1,否,否,-,2026-09-04,09:47,18.95,4.99,38,2026-09-04 09:47;2026-09-04 09:48;2026-09-04 09:51;2026-09-04 09:54;2026-09-04 09:57;2026-09-04 10:00;2026-09-04 10:00;2026-09-04 10:02;2026-09-04 10:03;2026-09-04 10:09;2026-09-04 10:12;2026-09-04 10:15;2026-09-04 10:15;2026-09-04 10:17;2026-09-04 10:18;2026-09-04 10:21;2026-09-04 10:24;2026-09-04 10:27;2026-09-04 10:30;2026-09-04 10:30;2026-09-04 10:32;2026-09-04 10:33;2026-09-04 10:36;2026-09-04 10:39;2026-09-04 10:42;2026-09-04 10:45;2026-09-04 10:45;2026-09-04 10:47;2026-09-04 10:48;2026-09-04 10:51;2026-09-04 10:54;2026-09-04 10:57;2026-09-04 11:00;2026-09-04 11:00;2026-09-04 11:02;2026-09-04 11:06;2026-09-04 11:09;2026-09-04 11:12,已跟踪,2026-09-07,-0.88,-2.54,-1.93,-1.93,-0.77,-3.21,低开低走,-6.39,-5.28,-7.6
603980,吉华集团,上交所主板,2.51,9.99,53.94亿,1,否,否,-,2026-09-04,09:48,8.07,4.94,28,2026-09-04 09:48;2026-09-04 10:00;2026-09-04 10:00;2026-09-04 10:02;2026-09-04 10:03;2026-09-04 10:06;2026-09-04 10:09;2026-09-04 10:12;2026-09-04 10:15;2026-09-04 10:15;2026-09-04 10:17;2026-09-04 10:18;2026-09-04 10:21;2026-09-04 10:24;2026-09-04 10:27;2026-09-04 10:30;2026-09-04 10:30;2026-09-04 10:32;2026-09-04 10:33;2026-09-04 10:36;2026-09-04 10:39;2026-09-04 10:42;2026-09-04 10:45;2026-09-04 10:45;2026-09-04 10:47;2026-09-04 10:48;2026-09-04 10:51;2026-09-04 10:54,已跟踪,2026-09-07,-1.13,-5.54,-3.65,-3.65,-0.13,-7.3,低开低走,-5.2,-1.73,-8.8
002017,东信和平,深交所主板,1.88,9.92,100.24亿,2,否,否,-,2026-09-04,10:00,17.28,4.92,8,2026-09-04 10:00;2026-09-04 10:47;2026-09-04 10:48;2026-09-04 10:57;2026-09-04 11:00;2026-09-04 11:18;2026-09-04 13:15;2026-09-04 13:15,已跟踪,2026-09-07,-2.52,-4.98,-4.16,-4.16,-1.41,-5.04,低开低走,-5.38,-2.66,-6.25
000505,京粮控股,深交所主板,1.97,7.80,51.18亿,4,否,否,-,2026-09-04,10:03,6.94,3.12,10,2026-09-04 10:03;2026-09-04 10:06;2026-09-04 10:18;2026-09-04 10:24;2026-09-04 10:27;2026-09-04 10:30;2026-09-04 10:33;2026-09-04 10:36;2026-09-04 10:39;2026-09-04 10:42,已跟踪,2026-09-07,1.27,3.97,4.11,4.11,5.24,0.0,高开高走,5.91,7.06,1.73
000533,顺钠股份,深交所主板,2.33,7.70,84.07亿,1,否,否,-,2026-09-04,10:06,12.08,3.16,21,2026-09-04 10:06;2026-09-04 10:09;2026-09-04 10:12;2026-09-04 10:15;2026-09-04 10:15;2026-09-04 10:17;2026-09-04 10:18;2026-09-04 10:21;2026-09-04 10:24;2026-09-04 10:27;2026-09-04 10:30;2026-09-04 10:30;2026-09-04 10:32;2026-09-04 10:33;2026-09-04 10:36;2026-09-04 10:39;2026-09-04 10:42;2026-09-04 10:45;2026-09-04 10:45;2026-09-04 10:47;2026-09-04 10:48,已跟踪,2026-09-07,0.17,-0.17,-0.41,-0.41,1.83,-2.66,震荡收跌,-0.66,1.57,-2.9
603466,风语筑,上交所主板,3.02,7.81,74.29亿,2,否,否,-,2026-09-04,10:09,12.49,3.31,1,2026-09-04 10:09,已跟踪,2026-09-07,-1.86,-2.99,-1.61,-1.61,-1.13,-3.95,低开高走,-2.4,-1.92,-4.72
603890,春秋电子,上交所主板,2.53,7.68,102.11亿,1,否,否,-,2026-09-04,10:36,20.26,3.16,1,2026-09-04 10:36,已跟踪,2026-09-07,-1.07,-3.52,-3.77,-3.77,-0.31,-6.68,低开低走,-6.86,-3.5,-9.67
600714,金瑞矿业,上交所主板,1.51,8.42,64.55亿,2,否,否,-,2026-09-07,09:51,22.37,4.14,25,2026-09-07 09:51;2026-09-07 09:57;2026-09-07 10:00;2026-09-07 10:00;2026-09-07 10:06;2026-09-07 10:09;2026-09-07 10:12;2026-09-07 10:15;2026-09-07 10:15;2026-09-07 10:17;2026-09-07 10:18;2026-09-07 10:21;2026-09-07 10:24;2026-09-07 10:27;2026-09-07 10:30;2026-09-07 10:30;2026-09-07 10:32;2026-09-07 10:33;2026-09-07 10:36;2026-09-07 10:39;2026-09-07 10:42;2026-09-07 10:45;2026-09-07 10:45;2026-09-07 10:47;2026-09-07 10:48,已跟踪,2026-09-08,-0.04,-0.87,-1.78,-1.78,6.82,-4.13,震荡收跌,1.03,9.88,-1.39
000505,京粮控股,深交所主板,1.51,8.09,53.58亿,4,否,否,-,2026-09-07,09:57,7.37,4.39,25,2026-09-07 09:57;2026-09-07 10:00;2026-09-07 10:03;2026-09-07 10:06;2026-09-07 10:09;2026-09-07 10:12;2026-09-07 10:15;2026-09-07 10:18;2026-09-07 10:21;2026-09-07 10:24;2026-09-07 10:27;2026-09-07 10:30;2026-09-07 10:33;2026-09-07 10:36;2026-09-07 10:39;2026-09-07 10:42;2026-09-07 10:45;2026-09-07 10:48;2026-09-07 10:51;2026-09-07 10:54;2026-09-07 10:57;2026-09-07 11:00;2026-09-07 11:03;2026-09-07 11:06;2026-09-07 11:09,已跟踪,2026-09-08,0.41,5.85,5.03,5.03,7.62,0.41,冲高回落,4.75,7.33,0.14
603897,长城科技,上交所主板,1.55,8.16,64.45亿,2,否,否,-,2026-09-07,13:15,31.3,5.0,23,2026-09-07 13:15;2026-09-07 13:15;2026-09-07 13:48;2026-09-07 13:54;2026-09-07 13:57;2026-09-07 14:00;2026-09-07 14:00;2026-09-07 14:02;2026-09-07 14:03;2026-09-07 14:06;2026-09-07 14:09;2026-09-07 14:12;2026-09-07 14:15;2026-09-07 14:15;2026-09-07 14:17;2026-09-07 14:18;2026-09-07 14:21;2026-09-07 14:27;2026-09-07 14:31;2026-09-07 14:34;2026-09-07 14:36;2026-09-07 14:39;2026-09-07 14:42,已跟踪,2026-09-08,-0.19,-0.86,-1.82,-1.82,0.0,-3.9,震荡收跌,-1.76,0.06,-3.83
601116,三江购物,上交所主板,1.52,6.18,64.74亿,1,否,否,-,2026-09-07,14:42,11.81,3.96,1,2026-09-07 14:42,已跟踪,2026-09-08,-0.34,-0.59,-0.93,-0.93,1.35,-2.2,震荡收跌,-0.68,1.61,-1.95
000505,京粮控股,深交所主板,2.31,9.20,55.61亿,4,否,否,-,2026-09-08,09:45,7.69,4.63,20,2026-09-08 09:45;2026-09-08 09:51;2026-09-08 09:54;2026-09-08 09:57;2026-09-08 10:00;2026-09-08 10:03;2026-09-08 10:06;2026-09-08 10:09;2026-09-08 10:12;2026-09-08 10:15;2026-09-08 10:18;2026-09-08 10:21;2026-09-08 10:24;2026-09-08 10:27;2026-09-08 10:30;2026-09-08 10:33;2026-09-08 10:36;2026-09-08 10:39;2026-09-08 10:42;2026-09-08 10:45,已跟踪,2026-09-09,-3.63,3.24,2.85,2.85,6.99,-3.63,低开高走,3.25,7.41,-3.25
600714,金瑞矿业,上交所主板,3.68,7.16,68.61亿,2,否,否,-,2026-09-08,09:45,23.93,4.0,3,2026-09-08 09:45;2026-09-08 09:54;2026-09-08 09:57,已跟踪,2026-09-09,-2.21,-6.46,-8.89,-8.89,1.33,-9.34,低开低走,-13.96,-4.3,-14.38
603466,风语筑,上交所主板,2.96,7.38,76.08亿,2,否,否,-,2026-09-08,09:51,12.64,3.69,7,2026-09-08 09:51;2026-09-08 09:54;2026-09-08 10:00;2026-09-08 10:02;2026-09-08 10:03;2026-09-08 10:06;2026-09-08 10:09,已跟踪,2026-09-09,-2.54,-5.07,2.3,2.3,2.77,-7.45,低开高走,2.14,2.61,-7.59
600770,综艺股份,上交所主板,13.04,5.74,75.92亿,1,否,否,-,2026-09-08,10:21,5.77,3.22,6,2026-09-08 10:21;2026-09-08 10:24;2026-09-08 10:27;2026-09-08 10:30;2026-09-08 10:30;2026-09-08 10:32,已跟踪,2026-09-09,-2.88,-3.56,-3.56,-3.56,1.36,-4.07,低开低走,-1.39,3.64,-1.91
002971,和远气体,深交所主板,3.04,8.90,86.36亿,2,否,否,-,2026-09-08,10:24,41.05,3.11,1,2026-09-08 10:24,已跟踪,2026-09-09,-2.06,-3.33,-3.94,-3.94,0.23,-4.99,低开低走,-6.65,-2.61,-7.67
600345,长江通信,上交所主板,2.10,7.83,174.04亿,2,否,否,-,2026-09-08,10:57,53.81,5.0,26,2026-09-08 10:57;2026-09-08 11:00;2026-09-08 11:00;2026-09-08 11:06;2026-09-08 11:17;2026-09-08 11:18;2026-09-08 11:21;2026-09-08 11:24;2026-09-08 11:27;2026-09-08 13:00;2026-09-08 13:03;2026-09-08 13:06;2026-09-08 13:09;2026-09-08 13:12;2026-09-08 13:15;2026-09-08 13:15;2026-09-08 13:17;2026-09-08 13:18;2026-09-08 13:21;2026-09-08 13:24;2026-09-08 13:27;2026-09-08 13:30;2026-09-08 13:30;2026-09-08 13:32;2026-09-08 13:33;2026-09-08 13:52,已跟踪,2026-09-09,3.07,3.66,3.0,3.0,7.44,2.19,冲高回落,0.3,4.63,-0.48
002562,兄弟科技,深交所主板,2.68,5.85,59.66亿,1,否,否,-,2026-09-08,13:42,5.21,4.83,6,2026-09-08 13:42;2026-09-08 13:43;2026-09-08 13:45;2026-09-08 13:45;2026-09-08 13:47;2026-09-08 13:55,已跟踪,2026-09-09,-1.71,-1.71,-1.33,-1.33,-0.76,-2.28,低开高走,-0.38,0.19,-1.34
002988,豪美新材,深交所主板,1.64,5.05,75.14亿,3,否,否,-,2026-09-08,14:07,30.09,4.59,3,2026-09-08 14:07;2026-09-08 14:10;2026-09-08 14:12,已跟踪,2026-09-09,0.03,0.3,1.13,1.13,6.7,-0.56,震荡收涨,1.4,6.98,-0.3
002258,利尔化学,深交所主板,2.07,5.15,125.19亿,1,否,否,-,2026-09-08,14:12,15.65,4.61,1,2026-09-08 14:12,已跟踪,2026-09-09,2.64,1.74,0.96,0.96,8.42,0.06,冲高回落,0.32,7.73,-0.58
600903,贵州燃气,上交所主板,3.21,9.98,87.76亿,2,否,否,-,2026-09-09,09:39,7.5,3.45,21,2026-09-09 09:39;2026-09-09 09:47;2026-09-09 09:48;2026-09-09 09:51;2026-09-09 09:54;2026-09-09 10:10;2026-09-09 10:12;2026-09-09 10:35;2026-09-09 10:37;2026-09-09 10:40;2026-09-09 10:42;2026-09-09 10:47;2026-09-09 10:50;2026-09-09 10:52;2026-09-09 10:57;2026-09-09 11:00;2026-09-09 11:10;2026-09-09 11:12;2026-09-09 11:15;2026-09-09 11:17;2026-09-09 11:20,已跟踪,2026-09-10,0.4,3.22,1.74,1.74,9.4,0.4,冲高回落,1.07,8.67,-0.27
600345,长江通信,上交所主板,1.58,9.32,177.92亿,2,否,否,-,2026-09-09,09:57,54.33,3.68,63,2026-09-09 09:57;2026-09-09 10:00;2026-09-09 10:00;2026-09-09 10:03;2026-09-09 10:06;2026-09-09 10:09;2026-09-09 10:10;2026-09-09 10:12;2026-09-09 10:15;2026-09-09 10:17;2026-09-09 10:20;2026-09-09 10:22;2026-09-09 10:25;2026-09-09 10:27;2026-09-09 10:30;2026-09-09 10:32;2026-09-09 10:35;2026-09-09 10:37;2026-09-09 10:40;2026-09-09 10:42;2026-09-09 10:45;2026-09-09 10:47;2026-09-09 10:50;2026-09-09 10:52;2026-09-09 10:55;2026-09-09 10:57;2026-09-09 11:00;2026-09-09 11:02;2026-09-09 11:05;2026-09-09 11:07;2026-09-09 11:10;2026-09-09 11:12;2026-09-09 11:15;2026-09-09 11:17;2026-09-09 11:20;2026-09-09 11:22;2026-09-09 11:25;2026-09-09 11:27;2026-09-09 13:00;2026-09-09 13:02;2026-09-09 13:05;2026-09-09 13:07;2026-09-09 13:10;2026-09-09 13:12;2026-09-09 13:15;2026-09-09 13:17;2026-09-09 13:20;2026-09-09 13:57;2026-09-09 14:00;2026-09-09 14:25;2026-09-09 14:30;2026-09-09 14:32;2026-09-09 14:35;2026-09-09 14:37;2026-09-09 14:40;2026-09-09 14:42;2026-09-09 14:45;2026-09-09 14:47;2026-09-09 14:50;2026-09-09 14:52;2026-09-09 14:55;2026-09-09 14:57;2026-09-09 14:59,已跟踪,2026-09-10,0.52,0.41,-0.17,-0.17,1.69,-1.87,冲高回落,-0.83,1.01,-2.52
000505,京粮控股,深交所主板,3.79,8.22,58.08亿,4,否,否,-,2026-09-09,10:06,8.0,3.63,1,2026-09-09 10:06,已跟踪,2026-09-10,-3.02,-6.05,-6.42,-6.42,-1.51,-7.18,低开低走,-7.13,-2.25,-7.87
002300,太阳电缆,深交所主板,4.85,9.79,60.17亿,2,否,否,-,2026-09-09,10:10,8.37,3.59,2,2026-09-09 10:10;2026-09-09 10:12,已跟踪,2026-09-10,-2.42,-1.81,-2.54,-2.54,0.24,-3.86,低开低走,-3.58,-0.84,-4.9
002258,利尔化学,深交所主板,5.41,5.64,128.63亿,1,否,否,-,2026-09-09,10:17,16.25,4.5,8,2026-09-09 10:17;2026-09-09 10:20;2026-09-09 10:22;2026-09-09 10:25;2026-09-09 10:27;2026-09-09 10:30;2026-09-09 10:32;2026-09-09 10:35,已跟踪,2026-09-10,0.38,-4.46,-4.65,-4.65,1.15,-5.29,震荡收跌,-7.88,-2.28,-8.49
603163,圣晖集成,上交所主板,7.66,5.28,88.30亿,1,否,否,-,2026-09-09,10:22,88.64,3.54,4,2026-09-09 10:22;2026-09-09 10:25;2026-09-09 10:27;2026-09-09 10:37,已跟踪,2026-09-10,-0.26,0.75,-2.2,-2.2,2.12,-2.64,冲高回落,-6.13,-1.99,-6.55
002886,沃特股份,深交所主板,10.09,8.92,71.06亿,5,否,否,-,2026-09-10,09:37,27.01,3.84,1,2026-09-10 09:37,已跟踪,2026-09-11,-2.27,-7.8,-3.08,-3.19,0.35,-8.3,低开低走,-6.66,-3.37,-11.7
000993,闽东电力,深交所主板,27.23,8.83,54.91亿,1,否,否,-,2026-09-10,09:40,11.89,3.66,3,2026-09-10 09:40;2026-09-10 09:42;2026-09-10 09:45,已跟踪,2026-09-11,9.98,9.98,9.98,9.98,9.98,6.18,震荡收涨,16.74,16.74,12.7
002297,博云新材,深交所主板,4.16,6.44,132.79亿,2,否,否,-,2026-09-10,09:42,23.18,3.02,1,2026-09-10 09:42,已跟踪,2026-09-11,-0.27,4.25,7.44,7.44,10.0,-2.01,震荡收涨,1.51,3.93,-7.42
600903,贵州燃气,上交所主板,3.28,9.90,89.39亿,2,否,否,-,2026-09-10,10:07,7.76,4.16,7,2026-09-10 10:07;2026-09-10 10:10;2026-09-10 10:12;2026-09-10 10:15;2026-09-10 10:17;2026-09-10 10:20;2026-09-10 11:00,已跟踪,2026-09-11,1.98,-4.49,-5.8,-5.8,3.83,-6.46,高开低走,-7.99,1.42,-8.63
002757,南兴股份,深交所主板,1.61,6.80,52.80亿,1,否,否,-,2026-09-10,10:10,17.9,3.41,28,2026-09-10 10:10;2026-09-10 10:12;2026-09-10 10:20;2026-09-10 10:22;2026-09-10 10:27;2026-09-10 10:30;2026-09-10 10:32;2026-09-10 10:38;2026-09-10 10:40;2026-09-10 10:42;2026-09-10 10:45;2026-09-10 10:47;2026-09-10 10:50;2026-09-10 10:52;2026-09-10 10:55;2026-09-10 10:57;2026-09-10 11:00;2026-09-10 11:02;2026-09-10 11:05;2026-09-10 11:07;2026-09-10 11:10;2026-09-10 11:12;2026-09-10 11:15;2026-09-10 11:17;2026-09-10 11:20;2026-09-10 11:22;2026-09-10 11:25;2026-09-10 11:27,已跟踪,2026-09-11,-1.47,-5.09,-3.45,-3.45,-1.25,-5.49,低开低走,-4.69,-2.51,-6.7
603980,吉华集团,上交所主板,1.52,6.39,54.55亿,1,否,否,-,2026-09-10,10:12,7.99,2.96,17,2026-09-10 10:12;2026-09-10 10:15;2026-09-10 10:17;2026-09-10 10:20;2026-09-10 10:22;2026-09-10 10:25;2026-09-10 10:27;2026-09-10 10:30;2026-09-10 10:32;2026-09-10 10:35;2026-09-10 10:38;2026-09-10 10:40;2026-09-10 10:42;2026-09-10 10:45;2026-09-10 10:47;2026-09-10 10:55;2026-09-10 10:57,已跟踪,2026-09-11,-1.84,-2.33,-2.82,-2.82,1.84,-7.98,低开低走,-0.88,3.88,-6.13
603601,再升科技,上交所主板,16.10,9.73,118.12亿,1,否,否,-,2026-09-11,09:35,10.4,4.42,7,2026-09-11 09:35;2026-09-11 09:37;2026-09-11 09:40;2026-09-11 09:42;2026-09-11 09:45;2026-09-11 09:47;2026-09-11 09:50,已补抓,2026-09-14,-0.37,-2.5,-2.22,-2.22,-0.37,-4.73,震荡收跌,1.44,3.37,-1.15
002297,博云新材,深交所主板,5.06,7.41,130.95亿,2,否,否,-,2026-09-11,09:40,22.72,3.74,2,2026-09-11 09:40;2026-09-11 09:42,已补抓,2026-09-14,-0.13,-3.53,-3.02,-3.02,-0.13,-7.18,震荡收跌,0.44,3.43,-3.87
600255,鑫科材料,上交所主板,8.16,8.59,70.44亿,1,否,否,-,2026-09-11,09:55,3.9,4.56,4,2026-09-11 09:55;2026-09-11 09:57;2026-09-11 10:02;2026-09-11 10:05,已补抓,2026-09-14,-1.03,-3.09,-1.03,-1.03,-1.03,-4.12,震荡收跌,-1.54,-1.54,-4.62
603619,中曼石油,上交所主板,5.16,7.31,114.94亿,1,否,否,-,2026-09-11,10:05,24.97,3.44,3,2026-09-11 10:05;2026-09-11 10:07;2026-09-11 10:12,已补抓,2026-09-14,3.36,-0.04,-2.88,-2.88,3.36,-4.13,高开低走,-9.61,-3.8,-10.77
002134,天津普林,深交所主板,1.79,7.05,57.47亿,1,否,否,-,2026-09-11,14:10,23.14,3.3,21,2026-09-11 14:10;2026-09-11 14:12;2026-09-11 14:15;2026-09-11 14:17;2026-09-11 14:20;2026-09-11 14:22;2026-09-11 14:25;2026-09-11 14:27;2026-09-11 14:30;2026-09-11 14:32;2026-09-11 14:35;2026-09-11 14:37;2026-09-11 14:40;2026-09-11 14:42;2026-09-11 14:45;2026-09-11 14:47;2026-09-11 14:50;2026-09-11 14:52;2026-09-11 14:55;2026-09-11 14:57;2026-09-11 14:57,已补抓,2026-09-14,-1.38,5.77,6.42,6.42,9.99,-3.27,低开高走,6.78,10.37,-2.94
002134,天津普林,深交所主板,1.79,7.14,57.54亿,1,否,否,-,2026-09-13,23:33,23.22,3.66,2,2026-09-13 23:33;2026-09-13 23:35,已补抓,2026-09-14,-1.38,5.77,6.42,6.42,9.99,-3.27,低开高走,6.42,9.99,-3.27
002134,天津普林,深交所主板,1.79,7.14,57.54亿,1,否,否,-,2026-09-14,09:09,23.22,3.66,2,2026-09-14 09:09;2026-09-14 09:11,已跟踪,2026-09-15,-0.45,-0.04,-1.54,-1.54,2.71,-2.06,震荡收跌,4.78,9.3,4.22
002897,意华股份,深交所主板,3.28,9.71,142.80亿,1,否,否,-,2026-09-15,10:35,73.64,3.15,1,2026-09-15 10:35,已跟踪,2026-09-16,-0.19,-2.17,-4.29,-4.29,0.08,-5.32,震荡收跌,-2.54,1.91,-3.59
603938,三孚股份,上交所主板,2.63,7.62,198.62亿,3,否,否,-,2026-09-15,10:35,51.63,3.34,3,2026-09-15 10:35;2026-09-15 10:42;2026-09-15 10:43,已跟踪,2026-09-16,-3.12,0.81,-1.5,-1.5,3.55,-3.31,冲高回落,1.43,6.64,-0.43
000523,红棉股份,深交所主板,1.70,8.09,62.04亿,2,否,否,-,2026-09-17,10:20,3.39,3.67,3,2026-09-17 10:20;2026-09-17 10:25;2026-09-17 10:30,已跟踪,2026-09-18,-3.26,1.19,0.59,0.59,2.08,-3.26,上午涨下午跌,0.0,1.47,-3.83
000533,顺钠股份,深交所主板,1.51,8.97,77.58亿,1,否,否,-,2026-09-18,10:20,11.35,4.9,35,2026-09-18 10:20;2026-09-18 10:25;2026-09-18 10:30;2026-09-18 10:35;2026-09-18 10:40;2026-09-18 10:45;2026-09-18 10:50;2026-09-18 10:55;2026-09-18 11:00;2026-09-18 11:05;2026-09-18 11:10;2026-09-18 11:15;2026-09-18 11:20;2026-09-18 11:25;2026-09-18 13:00;2026-09-18 13:05;2026-09-18 13:10;2026-09-18 13:15;2026-09-18 13:20;2026-09-18 13:25;2026-09-18 13:30;2026-09-18 13:35;2026-09-18 13:40;2026-09-18 13:45;2026-09-18 13:50;2026-09-18 13:55;2026-09-18 14:00;2026-09-18 14:05;2026-09-18 14:10;2026-09-18 14:15;2026-09-18 14:20;2026-09-18 14:25;2026-09-18 14:30;2026-09-18 14:35;2026-09-18 14:40,已跟踪,2026-09-20,1.02,,3.79,3.79,9.89,0.37,高开高走,-1.06,4.76,-4.32
603045,福达合金,上交所主板,1.87,7.02,70.63亿,1,否,否,-,2026-09-18,10:30,52.27,3.28,26,2026-09-18 10:30;2026-09-18 10:35;2026-09-18 10:40;2026-09-18 10:45;2026-09-18 10:55;2026-09-18 11:00;2026-09-18 11:05;2026-09-18 11:10;2026-09-18 11:15;2026-09-18 11:20;2026-09-18 11:25;2026-09-18 13:00;2026-09-18 13:05;2026-09-18 13:10;2026-09-18 13:15;2026-09-18 13:20;2026-09-18 13:25;2026-09-18 13:30;2026-09-18 13:35;2026-09-18 13:40;2026-09-18 13:45;2026-09-18 13:55;2026-09-18 14:00;2026-09-18 14:10;2026-09-18 14:35;2026-09-18 14:40,已跟踪,2026-09-20,2.39,,2.88,2.88,6.94,1.66,高开高走,-0.38,3.54,-1.57
002264,新 华 都,深交所主板,1.99,7.12,53.27亿,1,否,否,-,2026-09-18,10:35,7.51,4.74,14,2026-09-18 10:35;2026-09-18 10:40;2026-09-18 10:45;2026-09-18 10:50;2026-09-18 10:55;2026-09-18 11:00;2026-09-18 11:05;2026-09-18 11:10;2026-09-18 11:15;2026-09-18 11:20;2026-09-18 11:25;2026-09-18 13:00;2026-09-18 13:05;2026-09-18 13:10,已跟踪,2026-09-20,1.12,,2.51,2.51,6.83,-0.42,高开高走,-2.13,2.0,-4.93
002297,博云新材,深交所主板,1.66,8.31,130.61亿,2,否,否,-,2026-09-21,09:55,22.69,3.0,8,2026-09-21 09:55;2026-09-21 10:00;2026-09-21 10:05;2026-09-21 10:10;2026-09-21 10:15;2026-09-21 10:20;2026-09-21 10:25;2026-09-21 10:35,,,,,,,,,,,,
603601,再升科技,上交所主板,1.71,9.84,120.97亿,1,否,否,-,2026-09-21,10:05,10.57,3.53,15,2026-09-21 10:05;2026-09-21 10:10;2026-09-21 10:15;2026-09-21 10:25;2026-09-21 10:30;2026-09-21 10:35;2026-09-21 10:40;2026-09-21 10:45;2026-09-21 10:50;2026-09-21 10:55;2026-09-21 11:00;2026-09-21 11:05;2026-09-21 11:10;2026-09-21 11:15;2026-09-21 11:20,,,,,,,,,,,,
000993,闽东电力,深交所主板,1.89,9.90,93.24亿,6,否,否,-,2026-09-21,10:10,20.21,3.11,4,2026-09-21 10:10;2026-09-21 10:15;2026-09-21 10:20;2026-09-21 10:25,,,,,,,,,,,,
002264,新 华 都,深交所主板,2.69,8.89,54.99亿,1,否,否,-,2026-09-21,10:15,7.58,3.13,13,2026-09-21 10:15;2026-09-21 10:25;2026-09-21 10:30;2026-09-21 10:35;2026-09-21 10:40;2026-09-21 10:45;2026-09-21 10:50;2026-09-21 10:55;2026-09-21 11:00;2026-09-21 11:05;2026-09-21 11:10;2026-09-21 11:15;2026-09-21 11:20,,,,,,,,,,,,
002897,意华股份,深交所主板,2.26,5.25,140.80亿,1,否,否,-,2026-09-21,10:15,72.58,3.52,1,2026-09-21 10:15,,,,,,,,,,,,
002354,天娱数科,深交所主板,2.07,9.92,130.55亿,1,否,否,-,2026-09-21,10:25,7.86,3.42,11,2026-09-21 10:25;2026-09-21 10:30;2026-09-21 10:35;2026-09-21 10:40;2026-09-21 10:45;2026-09-21 10:50;2026-09-21 10:55;2026-09-21 11:00;2026-09-21 11:05;2026-09-21 11:10;2026-09-21 11:15,,,,,,,,,,,,
